<environmentvariabledefinition schemaname="pobvol_pssChecklistsDataP">
  <apiid>/providers/microsoft.powerapps/apis/shared_sharepointonline</apiid>
  <description default="Checkpoints data">
    <label description="Checkpoints data" languagecode="1031" />
  </description>
  <displayname default="pssChecklistsActivitiesP">
    <label description="pssChecklistsActivitiesP" languagecode="1031" />
  </displayname>
  <introducedversion>0.3</introducedversion>
  <iscustomizable>1</iscustomizable>
  <isrequired>0</isrequired>
  <parameterkey>table</parameterkey>
  <parentdefinitionid>
    <schemaname>pobvol_pssChecklistsTeam</schemaname>
  </parentdefinitionid>
  <secretstore>0</secretstore>
  <type>100000004</type>
</environmentvariabledefinition>