<environmentvariabledefinition schemaname="pobvol_pssChecklistsData">
  <apiid>/providers/microsoft.powerapps/apis/shared_sharepointonline</apiid>
  <description default="Checklists data">
    <label description="Checklists data" languagecode="1031" />
  </description>
  <displayname default="pssChecklistsActivities">
    <label description="pssChecklistsActivities" languagecode="1031" />
  </displayname>
  <introducedversion>0.3</introducedversion>
  <iscustomizable>1</iscustomizable>
  <isrequired>0</isrequired>
  <parameterkey>table</parameterkey>
  <parentdefinitionid>
    <schemaname>pobvol_pssChecklistsTeam</schemaname>
  </parentdefinitionid>
  <secretstore>0</secretstore>
  <type>100000004</type>
</environmentvariabledefinition>