<environmentvariabledefinition schemaname="pobvol_pssChecklistsTeam">
  <apiid>/providers/microsoft.powerapps/apis/shared_sharepointonline</apiid>
  <description default="Which team is used">
    <label description="Which team is used" languagecode="1031" />
  </description>
  <displayname default="pssChecklistsTeam">
    <label description="pssChecklistsTeam" languagecode="1031" />
  </displayname>
  <introducedversion>0.0</introducedversion>
  <iscustomizable>1</iscustomizable>
  <isrequired>0</isrequired>
  <parameterkey>dataset</parameterkey>
  <secretstore>0</secretstore>
  <type>100000004</type>
</environmentvariabledefinition>