<environmentvariabledefinition schemaname="pobvol_pssChecklistsStatusText">
  <apiid>/providers/microsoft.powerapps/apis/shared_sharepointonline</apiid>
  <description default="Status text in different languages">
    <label description="Status text in different languages" languagecode="1031" />
  </description>
  <displayname default="pssChecklistsStatusText">
    <label description="pssChecklistsStatusText" languagecode="1031" />
  </displayname>
  <introducedversion>0.4</introducedversion>
  <iscustomizable>1</iscustomizable>
  <isrequired>0</isrequired>
  <parameterkey>table</parameterkey>
  <parentdefinitionid>
    <schemaname>pobvol_pssChecklistsTeam</schemaname>
  </parentdefinitionid>
  <secretstore>0</secretstore>
  <type>100000004</type>
</environmentvariabledefinition>