<environmentvariabledefinition schemaname="pobvol_pssChecklistsCheckpointsText">
  <apiid>/providers/microsoft.powerapps/apis/shared_sharepointonline</apiid>
  <description default="Checkpoint text in different languages">
    <label description="Checkpoint text in different languages" languagecode="1031" />
  </description>
  <displayname default="pssChecklistsCheckpointsText">
    <label description="pssChecklistsCheckpointsText" languagecode="1031" />
  </displayname>
  <introducedversion>0.2</introducedversion>
  <iscustomizable>1</iscustomizable>
  <isrequired>0</isrequired>
  <parameterkey>table</parameterkey>
  <parentdefinitionid>
    <schemaname>pobvol_pssChecklistsTeam</schemaname>
  </parentdefinitionid>
  <secretstore>0</secretstore>
  <type>100000004</type>
</environmentvariabledefinition>