<environmentvariabledefinition schemaname="pobvol_pssChecklistsLanguages">
  <apiid>/providers/microsoft.powerapps/apis/shared_sharepointonline</apiid>
  <description default="Languages">
    <label description="Languages" languagecode="1031" />
  </description>
  <displayname default="pssChecklistsLanguages">
    <label description="pssChecklistsLanguages" languagecode="1031" />
  </displayname>
  <introducedversion>0.0</introducedversion>
  <iscustomizable>1</iscustomizable>
  <isrequired>0</isrequired>
  <parameterkey>table</parameterkey>
  <parentdefinitionid>
    <schemaname>pobvol_pssChecklistsTeam</schemaname>
  </parentdefinitionid>
  <secretstore>0</secretstore>
  <type>100000004</type>
</environmentvariabledefinition>