<environmentvariabledefinition schemaname="pobvol_pssChecklistsChecklists">
  <apiid>/providers/microsoft.powerapps/apis/shared_sharepointonline</apiid>
  <description default="Pointer: SharePoint list Checklists">
    <label description="Pointer: SharePoint list Checklists" languagecode="1031" />
  </description>
  <displayname default="pssChecklistsChecklists">
    <label description="pssChecklistsChecklists" languagecode="1031" />
  </displayname>
  <introducedversion>0.0</introducedversion>
  <iscustomizable>1</iscustomizable>
  <isrequired>0</isrequired>
  <parameterkey>table</parameterkey>
  <parentdefinitionid>
    <schemaname>pobvol_pssChecklistsTeam</schemaname>
  </parentdefinitionid>
  <secretstore>0</secretstore>
  <type>100000004</type>
</environmentvariabledefinition>