<?xml version="1.0" encoding="utf-8"?>
<pnp:Provisioning xmlns:pnp="http://schemas.dev.office.com/PnP/2022/09/ProvisioningSchema">
  <pnp:Preferences Generator="PnP.Framework, Version=1.18.0.0, Culture=neutral, PublicKeyToken=0d501f89f11b748c" />
  <pnp:Templates ID="CONTAINER-TEMPLATE-A382D391735E4B7F904D77571F4A74C6">
    <pnp:ProvisioningTemplate ID="TEMPLATE-A382D391735E4B7F904D77571F4A74C6" Version="1" BaseSiteTemplate="GROUP#0" Scope="RootSite">
      <pnp:SiteFields>
        <Field ID="{9889a80f-c9ec-41d8-a359-ac5fb5c4cfa2}" Name="_SPCallToAction" StaticName="_SPCallToAction" DisplayName="Handlungsaufruf" Type="Note" SourceID="http://schemas.microsoft.com/sharepoint/v3" Group="_Hidden" Description="" AllowDeletion="FALSE" ShowInNewForm="FALSE" ShowInEditForm="FALSE" ShowInDisplayForm="FALSE" ShowInViewForms="FALSE" ShowInListSettings="FALSE" />
        <Field ID="{86EBE41F-255F-4170-B040-9977528A8BF5}" Name="_SPCollaborators" StaticName="_SPCollaborators" DisplayName="Mitarbeiter" Type="Note" SourceID="http://schemas.microsoft.com/sharepoint/v3" Group="_Hidden" Description="" AllowDeletion="FALSE" ShowInNewForm="FALSE" ShowInEditForm="FALSE" ShowInDisplayForm="FALSE" ShowInViewForms="FALSE" ShowInListSettings="FALSE" ReadOnly="TRUE" Hidden="TRUE" />
        <Field ID="{cb19284a-cde7-4570-a980-1dab8bd74470}" Name="_ExtendedDescription" SourceID="http://schemas.microsoft.com/sharepoint/v3" StaticName="_ExtendedDescription" DisplayName="Beschreibung" Group="Erweiterte Spalten" RichText="TRUE" ShowInEditForm="FALSE" RichTextMode="Compatible" CanToggleHidden="TRUE" Type="Note" />
        <Field ID="{AC9CE95B-F081-4B8A-BB19-2F4427D44674}" Name="_ExpirationDate" SourceID="http://schemas.microsoft.com/sharepoint/v3" StaticName="_ExpirationDate" Hidden="TRUE" Group="_Hidden" ReadOnly="TRUE" Type="Lookup" List="Docs" ShowField="ExpirationDate" DisplayName="Ablaufdatum" FromBaseType="TRUE" DisplaceOnUpgrade="TRUE" FieldRef="ID" JoinColName="DoclibRowId" JoinRowOrdinal="0" JoinType="INNER" />
        <Field ID="{08D89A66-4634-42B8-9D5A-0C27395A48B3}" Name="TriggerFlowInfo" SourceID="http://schemas.microsoft.com/sharepoint/v3" Required="FALSE" ShowInFileDlg="FALSE" Hidden="TRUE" ShowInNewForm="FALSE" ShowInEditForm="FALSE" ReadOnlyEnforced="FALSE" ReadOnly="TRUE" DisplaceOnUpgrade="TRUE" StaticName="TriggerFlowInfo" Type="Text" DisplayName="Flow-Info auslösen" Sortable="FALSE" />
        <Field ID="{4C321A6D-2A91-428B-8296-59408B35901A}" Name="_SourceDynamicSectionId" StaticName="_SourceDynamicSectionId" DisplayName="sourceDynamicPageId" Type="Text" SourceID="http://schemas.microsoft.com/sharepoint/v3" Group="_Hidden" Indexed="TRUE" Description="" ShowInEditForm="FALSE" AllowDeletion="FALSE" Hidden="TRUE" />
        <Field ID="{D8A77D76-536B-45D2-8B9B-E4E9B00CF3DC}" Name="_Emoji" SourceID="http://schemas.microsoft.com/sharepoint/v3" Required="FALSE" Hidden="TRUE" ShowInFileDlg="FALSE" ShowInNewForm="FALSE" ShowInEditForm="FALSE" DisplaceOnUpgrade="TRUE" StaticName="_Emoji" Type="Text" DisplayName="Emoji" Sortable="FALSE" />
        <Field ID="{ff41708b-e251-4237-a060-bea44657e8dc}" Name="_SPAssetFolderId" StaticName="_SPAssetFolderId" DisplayName="Ressourcenordner-ID" Type="Number" SourceID="http://schemas.microsoft.com/sharepoint/v3" Group="_Hidden" Description="" ReadOnly="TRUE" AllowDeletion="FALSE" Hidden="TRUE" />
        <Field ID="{0F17D094-F613-4D33-8031-7B22650AAD78}" Name="MediaUserMetadata" SourceID="http://schemas.microsoft.com/sharepoint/v3" Required="FALSE" Hidden="TRUE" Group="_Hidden" Sealed="TRUE" UnlimitedLengthInDocumentLibrary="TRUE" ShowInFileDlg="FALSE" ShowInNewForm="FALSE" ShowInEditForm="FALSE" ShowInDisplayForm="FALSE" ShowInViewForms="FALSE" ShowInListSettings="FALSE" DisplaceOnUpgrade="TRUE" StaticName="MediaUserMetadata" Type="Note" DisplayName="Medienbenutzermetadaten" Sortable="FALSE" />
        <Field ID="{DCA4E5A0-0887-4480-8F7B-EFCF76B76413}" Name="MediaGeneratedMetadata" SourceID="http://schemas.microsoft.com/sharepoint/v3" Required="FALSE" Hidden="TRUE" Group="_Hidden" Sealed="TRUE" UnlimitedLengthInDocumentLibrary="TRUE" ShowInFileDlg="FALSE" ShowInNewForm="FALSE" ShowInEditForm="FALSE" ShowInDisplayForm="FALSE" ShowInViewForms="FALSE" ShowInListSettings="FALSE" DisplaceOnUpgrade="TRUE" StaticName="MediaGeneratedMetadata" Type="Note" DisplayName="Mediengenerierte Metadaten" Sortable="FALSE" />
        <Field ID="{577d74a4-b828-4c3c-bfcd-b16d76cdbc0a}" Name="ComplianceTagAppId" SourceID="http://schemas.microsoft.com/sharepoint/v3" Required="FALSE" ShowInFileDlg="FALSE" ShowInNewForm="FALSE" ShowInEditForm="FALSE" Hidden="TRUE" DisplaceOnUpgrade="TRUE" ReadOnly="TRUE" StaticName="ComplianceTagAppId" Type="Text" DisplayName="Von App-ID angewendete Bezeichnung" Sortable="FALSE" />
        <Field ID="{3BDAB9AC-9E5D-44D4-BDE9-13B37E170618}" Name="_ColorHex" SourceID="http://schemas.microsoft.com/sharepoint/v3" Required="FALSE" Hidden="TRUE" ShowInFileDlg="FALSE" ShowInNewForm="FALSE" ShowInEditForm="FALSE" DisplaceOnUpgrade="TRUE" StaticName="_ColorHex" Type="Text" DisplayName="Farbe" Sortable="FALSE" />
        <Field ID="{76D13CD2-1BAE-45A5-8B74-545B87B65037}" Name="_ColorTag" SourceID="http://schemas.microsoft.com/sharepoint/v3" Required="FALSE" ShowInFileDlg="FALSE" ShowInNewForm="FALSE" ShowInEditForm="FALSE" ReadOnly="TRUE" DisplaceOnUpgrade="TRUE" Type="Text" StaticName="_ColorTag" DisplayName="Farbkennzeichnung" Sortable="TRUE" />
        <Field ID="{3A8EE3F8-166B-4394-B3E2-E98DCF86A847}" Name="A2ODMountCount" SourceID="http://schemas.microsoft.com/sharepoint/v3" StaticName="A2ODMountCount" Hidden="TRUE" Group="_Hidden" ReadOnly="TRUE" Type="Lookup" List="Docs" ShowField="A2ODMountCount" DisplayName="A2OD-Bereitstellungsanzahl" FromBaseType="TRUE" DisplaceOnUpgrade="TRUE" FieldRef="ID" JoinColName="DoclibRowId" JoinRowOrdinal="0" JoinType="INNER" />
        <Field ID="{031C92FD-9CB6-4AC8-8F5F-636D28E37079}" Name="_SPAuthoringMetadata" StaticName="_SPAuthoringMetadata" DisplayName="Metadaten werden erstellt" Type="Note" SourceID="http://schemas.microsoft.com/sharepoint/v3" Group="_Hidden" Description="" AllowDeletion="FALSE" ShowInNewForm="FALSE" ShowInEditForm="FALSE" ShowInDisplayForm="FALSE" ShowInViewForms="FALSE" ShowInListSettings="FALSE" ReadOnly="TRUE" Hidden="TRUE" />
      </pnp:SiteFields>
      <pnp:Lists>
        <pnp:ListInstance Title="pssActivitiesP" Description="Collect checkpoints data" DocumentTemplate="" TemplateType="100" Url="Lists/ChecklistDataPositions" EnableVersioning="true" MinorVersionLimit="0" MaxVersionLimit="50" DraftVersionVisibility="0" TemplateFeatureID="00bfea71-de22-43b2-a848-c05709900100" EnableAttachments="false" EnableFolderCreation="false" NoCrawl="true" DefaultDisplayFormUrl="{site}/Lists/ChecklistDataPositions/DispForm.aspx" DefaultEditFormUrl="{site}/Lists/ChecklistDataPositions/EditForm.aspx" DefaultNewFormUrl="{site}/Lists/ChecklistDataPositions/NewForm.aspx" ImageUrl="/_layouts/15/images/itgen.png?rev=47" IrmExpire="false" IrmReject="false" IsApplicationList="false" ValidationFormula="" ValidationMessage="">
          <pnp:PropertyBagEntries>
            <pnp:PropertyBagEntry Key="wte_Source" Value="https://pobvol.sharepoint.com/sites/pssService/Lists/ServicevorgaengeP/AllItems.aspx" Overwrite="false" />
          </pnp:PropertyBagEntries>
          <pnp:ContentTypeBindings>
            <pnp:ContentTypeBinding ContentTypeID="0x01" Default="true" />
            <pnp:ContentTypeBinding ContentTypeID="0x0120" />
          </pnp:ContentTypeBindings>
          <pnp:Views>
            <View Name="{D5807004-5697-4683-AEBB-5781D6FC2DE3}" MobileView="TRUE" Type="HTML" DisplayName="331" Url="{site}/Lists/ChecklistDataPositions/331.aspx" Level="1" ContentTypeID="0x">
              <Query>
                <Where>
                  <Eq>
                    <FieldRef Name="ParentID" />
                    <Value Type="Number">331.000000000000</Value>
                  </Eq>
                </Where>
              </Query>
              <ViewFields>
                <FieldRef Name="ID" />
                <FieldRef Name="LinkTitle" />
                <FieldRef Name="KEY" />
                <FieldRef Name="ParentID" />
                <FieldRef Name="Pos" />
                <FieldRef Name="Status" />
                <FieldRef Name="F1Label" />
                <FieldRef Name="_x0046_1" />
                <FieldRef Name="F2Label" />
                <FieldRef Name="_x0046_2" />
                <FieldRef Name="F3Label" />
                <FieldRef Name="_x0046_3" />
                <FieldRef Name="F4Label" />
                <FieldRef Name="_x0046_4" />
                <FieldRef Name="F5Label" />
                <FieldRef Name="_x0046_5" />
              </ViewFields>
              <RowLimit Paged="TRUE">30</RowLimit>
              <CalendarViewStyles>
                <CalendarViewStyle Title="Day" Type="day" Template="CalendarViewdayChrome" Sequence="1" Default="FALSE" />
                <CalendarViewStyle Title="Week" Type="week" Template="CalendarViewweekChrome" Sequence="2" Default="FALSE" />
                <CalendarViewStyle Title="Month" Type="month" Template="CalendarViewmonthChrome" Sequence="3" Default="FALSE" />
                <CalendarViewStyle Title="Work week" Type="workweek" Template="CalendarViewweekChrome" Sequence="4" Default="FALSE" />
              </CalendarViewStyles>
            </View>
            <View Name="{E3405282-21D4-4FFC-8631-61D9A8A01A61}" DefaultView="TRUE" MobileView="TRUE" MobileDefaultView="TRUE" Type="HTML" DisplayName="Alle Elemente" Url="{site}/Lists/ChecklistDataPositions/AllItems.aspx" Level="1" BaseViewID="1" ContentTypeID="0x" ImageUrl="/_layouts/15/images/generic.png?rev=47">
              <Query>
                <OrderBy>
                  <FieldRef Name="Modified" Ascending="FALSE" />
                </OrderBy>
              </Query>
              <ViewFields>
                <FieldRef Name="Modified" />
                <FieldRef Name="ID" />
                <FieldRef Name="LinkTitle" />
                <FieldRef Name="KEY" />
                <FieldRef Name="ParentID" />
                <FieldRef Name="Pos" />
                <FieldRef Name="Checkpoint" />
                <FieldRef Name="CheckpointText" />
                <FieldRef Name="Status" />
                <FieldRef Name="StatusText" />
                <FieldRef Name="DefectClass" />
                <FieldRef Name="F1Title" />
                <FieldRef Name="F1Label" />
                <FieldRef Name="_x0046_1" />
                <FieldRef Name="F2Title" />
                <FieldRef Name="F2Label" />
                <FieldRef Name="_x0046_2" />
                <FieldRef Name="F3Title" />
                <FieldRef Name="F3Label" />
                <FieldRef Name="_x0046_3" />
                <FieldRef Name="F4Title" />
                <FieldRef Name="F4Label" />
                <FieldRef Name="_x0046_4" />
                <FieldRef Name="F5Title" />
                <FieldRef Name="F5Label" />
                <FieldRef Name="_x0046_5" />
                <FieldRef Name="Comments" />
              </ViewFields>
              <RowLimit Paged="TRUE">30</RowLimit>
              <JSLink>clienttemplates.js</JSLink>
              <ColumnWidth>
                <FieldRef Name="Checkpunkt" width="377.79998779296875" />
                <FieldRef Name="KEY" width="331.8000030517578" />
                <FieldRef Name="CheckpunktText" width="230.75" />
                <FieldRef Name="Status" width="110" />
                <FieldRef Name="Titel" width="250.19998168945312" />
                <FieldRef Name="StatusText" width="110" />
                <FieldRef Name="DefectClass" width="110" />
              </ColumnWidth>
            </View>
          </pnp:Views>
          <pnp:Fields>
            <Field Type="Text" DisplayName="KEY" Required="TRUE" EnforceUniqueValues="FALSE" Indexed="TRUE" MaxLength="255" ID="{c276ce2a-697c-400e-bf88-802a2df75581}" StaticName="KEY" Name="KEY" CustomFormatter="" ColName="nvarchar7" RowOrdinal="0" SourceID="{{listid:pssActivitiesP}}" />
            <Field Type="Number" DisplayName="ParentID" Required="TRUE" EnforceUniqueValues="FALSE" Indexed="FALSE" ID="{2366755b-fa99-45bb-a2be-5a44c651c382}" StaticName="ParentID" Name="ParentID" CustomFormatter="" Decimals="0" Percentage="FALSE" ColName="float1" RowOrdinal="0" SourceID="{{listid:pssActivitiesP}}" Version="1" />
            <Field Type="Number" DisplayName="Pos" Required="TRUE" EnforceUniqueValues="FALSE" Indexed="TRUE" Decimals="0" ID="{fa181a48-290b-44b2-b373-3d55d6fba807}" StaticName="Pos" Name="Pos" ColName="float2" RowOrdinal="0" SourceID="{{listid:pssActivitiesP}}" />
            <Field Type="Text" DisplayName="Checkpoint" Required="FALSE" EnforceUniqueValues="FALSE" Indexed="FALSE" MaxLength="255" ID="{a224af96-e41d-49ce-9c84-1a9713fc59e1}" SourceID="{{listid:pssActivitiesP}}" StaticName="Checkpoint" Name="Checkpoint" ColName="nvarchar23" RowOrdinal="0" />
            <Field Type="Text" DisplayName="CheckpointText" Required="FALSE" EnforceUniqueValues="FALSE" Indexed="FALSE" MaxLength="255" ID="{9ffb0017-0276-4712-b14e-b327bef865c8}" SourceID="{{listid:pssActivitiesP}}" StaticName="CheckpointText" Name="CheckpointText" ColName="nvarchar8" RowOrdinal="0" />
            <Field Type="Text" DisplayName="Status" Required="FALSE" EnforceUniqueValues="FALSE" Indexed="FALSE" MaxLength="255" ID="{8580dfc2-ff63-4258-adc2-3a1dd41c9725}" StaticName="Status" Name="Status" ColName="nvarchar10" RowOrdinal="0" SourceID="{{listid:pssActivitiesP}}" />
            <Field Type="Text" DisplayName="StatusText" Required="FALSE" EnforceUniqueValues="FALSE" Indexed="FALSE" MaxLength="255" ID="{847e52df-e76f-4d69-8c82-bc1a52150401}" SourceID="{{listid:pssActivitiesP}}" StaticName="StatusText" Name="StatusText" ColName="nvarchar11" RowOrdinal="0" />
            <Field Type="Number" DisplayName="DefectClass" Required="FALSE" EnforceUniqueValues="FALSE" Indexed="FALSE" Decimals="0" ID="{633a1c46-77c7-4fe3-851a-b176ef59a657}" SourceID="{{listid:pssActivitiesP}}" StaticName="DefectClass" Name="DefectClass" ColName="float3" RowOrdinal="0" />
            <Field Type="Note" DisplayName="Comments" Required="FALSE" EnforceUniqueValues="FALSE" Indexed="FALSE" NumLines="6" RichText="FALSE" Sortable="FALSE" ID="{506cf6ae-3d56-4efa-8c4d-919e0fa3e3c0}" SourceID="{{listid:pssActivitiesP}}" StaticName="Comments" Name="Comments" ColName="ntext2" RowOrdinal="0" />
            <Field Type="Text" DisplayName="F1Title" Required="FALSE" EnforceUniqueValues="FALSE" Indexed="FALSE" MaxLength="255" ID="{ce401000-4d05-4b4c-aec0-6f17aee49e03}" SourceID="{{listid:pssActivitiesP}}" StaticName="F1Title" Name="F1Title" ColName="nvarchar9" RowOrdinal="0" />
            <Field Type="Text" DisplayName="F1Label" Required="FALSE" EnforceUniqueValues="FALSE" Indexed="FALSE" MaxLength="255" ID="{faafb117-24bb-40d9-98f0-29590256843f}" StaticName="F1Label" Name="F1Label" ColName="nvarchar18" RowOrdinal="0" SourceID="{{listid:pssActivitiesP}}" />
            <Field Type="Text" DisplayName="F1" Required="FALSE" EnforceUniqueValues="FALSE" Indexed="FALSE" MaxLength="255" ID="{373d04e2-2ea1-4952-a044-4f0a5ec1dce1}" StaticName="_x0046_1" Name="_x0046_1" ColName="nvarchar13" RowOrdinal="0" SourceID="{{listid:pssActivitiesP}}" />
            <Field Type="Text" DisplayName="F2Title" Required="FALSE" EnforceUniqueValues="FALSE" Indexed="FALSE" MaxLength="255" ID="{473956b8-b714-441c-b093-e2dce6d59119}" SourceID="{{listid:pssActivitiesP}}" StaticName="F2Title" Name="F2Title" ColName="nvarchar12" RowOrdinal="0" />
            <Field Type="Text" DisplayName="F2Label" Required="FALSE" EnforceUniqueValues="FALSE" Indexed="FALSE" MaxLength="255" ID="{40978140-bbab-42c6-8c63-28221b5b19fd}" StaticName="F2Label" Name="F2Label" ColName="nvarchar19" RowOrdinal="0" SourceID="{{listid:pssActivitiesP}}" />
            <Field Type="Text" DisplayName="F2" Required="FALSE" EnforceUniqueValues="FALSE" Indexed="FALSE" MaxLength="255" ID="{b8b8a0da-9780-4384-8a93-8ade03775330}" StaticName="_x0046_2" Name="_x0046_2" ColName="nvarchar14" RowOrdinal="0" SourceID="{{listid:pssActivitiesP}}" />
            <Field Type="Text" DisplayName="F3Title" Required="FALSE" EnforceUniqueValues="FALSE" Indexed="FALSE" MaxLength="255" ID="{9228be92-88f5-4e8b-97d1-64fc1ed66fc1}" SourceID="{{listid:pssActivitiesP}}" StaticName="F3Title" Name="F3Title" ColName="nvarchar24" RowOrdinal="0" />
            <Field Type="Text" DisplayName="F3Label" Required="FALSE" EnforceUniqueValues="FALSE" Indexed="FALSE" MaxLength="255" ID="{e52be7e7-14ea-4a0a-9ddc-768adb0be52b}" StaticName="F3Label" Name="F3Label" ColName="nvarchar20" RowOrdinal="0" SourceID="{{listid:pssActivitiesP}}" />
            <Field Type="Text" DisplayName="F3" Required="FALSE" EnforceUniqueValues="FALSE" Indexed="FALSE" MaxLength="255" ID="{50955c97-eb91-4ca9-b7b9-202d9ea569c4}" StaticName="_x0046_3" Name="_x0046_3" ColName="nvarchar15" RowOrdinal="0" SourceID="{{listid:pssActivitiesP}}" />
            <Field Type="Text" DisplayName="F4Title" Required="FALSE" EnforceUniqueValues="FALSE" Indexed="FALSE" MaxLength="255" ID="{6703c2e1-caaa-45d9-96cb-f063ea6753d1}" SourceID="{{listid:pssActivitiesP}}" StaticName="F4Title" Name="F4Title" ColName="nvarchar25" RowOrdinal="0" />
            <Field Type="Text" DisplayName="F4Label" Required="FALSE" EnforceUniqueValues="FALSE" Indexed="FALSE" MaxLength="255" ID="{38fe2fc1-b82c-4e6f-b6d2-7acdd9c77f67}" StaticName="F4Label" Name="F4Label" ColName="nvarchar21" RowOrdinal="0" SourceID="{{listid:pssActivitiesP}}" />
            <Field Type="Text" DisplayName="F4" Required="FALSE" EnforceUniqueValues="FALSE" Indexed="FALSE" MaxLength="255" ID="{94d0ff1d-aa3c-4b13-a64a-4690c6e73202}" StaticName="_x0046_4" Name="_x0046_4" ColName="nvarchar16" RowOrdinal="0" SourceID="{{listid:pssActivitiesP}}" />
            <Field Type="Text" DisplayName="F5Title" Required="FALSE" EnforceUniqueValues="FALSE" Indexed="FALSE" MaxLength="255" ID="{1a9920d4-7b8b-49ed-baa7-90cf8f1b3709}" SourceID="{{listid:pssActivitiesP}}" StaticName="F5Title" Name="F5Title" ColName="nvarchar26" RowOrdinal="0" />
            <Field Type="Text" DisplayName="F5Label" Required="FALSE" EnforceUniqueValues="FALSE" Indexed="FALSE" MaxLength="255" ID="{d16447f9-0cc5-48fd-b2ff-77f5b880a75f}" StaticName="F5Label" Name="F5Label" ColName="nvarchar22" RowOrdinal="0" SourceID="{{listid:pssActivitiesP}}" />
            <Field Type="Text" DisplayName="F5" Required="FALSE" EnforceUniqueValues="FALSE" Indexed="FALSE" MaxLength="255" ID="{b7db3eb7-80bc-4505-8664-d6470d1c4368}" StaticName="_x0046_5" Name="_x0046_5" ColName="nvarchar17" RowOrdinal="0" SourceID="{{listid:pssActivitiesP}}" />
          </pnp:Fields>
          <pnp:FieldRefs>
            <pnp:FieldRef ID="fa564e0f-0c70-4ab9-b863-0177e6ddd247" Name="Title" Required="true" DisplayName="Titel" />
            <pnp:FieldRef ID="76d13cd2-1bae-45a5-8b74-545b87b65037" Name="_ColorTag" DisplayName="Farbkennzeichnung" />
          </pnp:FieldRefs>
          <pnp:Webhooks>
            <pnp:Webhook ServerNotificationUrl="https://germanywestcentral1-0.pushnp.svc.ms/notifications?token=f80835e9-2a00-46e8-b120-985403297bb0%2Fb!5vfCH21ZSkiTmhujyrRpFFECCxjMxnNErNSfIPS1d4U4qK_Q8RdiT5r0C2LSSTdY" ExpiresInDays="1" />
          </pnp:Webhooks>
        </pnp:ListInstance>
      </pnp:Lists>
    </pnp:ProvisioningTemplate>
  </pnp:Templates>
</pnp:Provisioning>