<?xml version="1.0" encoding="utf-8"?>
<pnp:Provisioning xmlns:pnp="http://schemas.dev.office.com/PnP/2022/09/ProvisioningSchema">
  <pnp:Preferences Generator="PnP.Framework, Version=1.18.0.0, Culture=neutral, PublicKeyToken=0d501f89f11b748c" />
  <pnp:Templates ID="CONTAINER-TEMPLATE-A1BDA32B2FB04EE1936C575C12AFC6A9">
    <pnp:ProvisioningTemplate ID="TEMPLATE-A1BDA32B2FB04EE1936C575C12AFC6A9" Version="1" BaseSiteTemplate="GROUP#0" Scope="RootSite">
      <pnp:SiteFields>
        <Field ID="{9889a80f-c9ec-41d8-a359-ac5fb5c4cfa2}" Name="_SPCallToAction" StaticName="_SPCallToAction" DisplayName="Handlungsaufruf" Type="Note" SourceID="http://schemas.microsoft.com/sharepoint/v3" Group="_Hidden" Description="" AllowDeletion="FALSE" ShowInNewForm="FALSE" ShowInEditForm="FALSE" ShowInDisplayForm="FALSE" ShowInViewForms="FALSE" ShowInListSettings="FALSE" />
        <Field ID="{86EBE41F-255F-4170-B040-9977528A8BF5}" Name="_SPCollaborators" StaticName="_SPCollaborators" DisplayName="Mitarbeiter" Type="Note" SourceID="http://schemas.microsoft.com/sharepoint/v3" Group="_Hidden" Description="" AllowDeletion="FALSE" ShowInNewForm="FALSE" ShowInEditForm="FALSE" ShowInDisplayForm="FALSE" ShowInViewForms="FALSE" ShowInListSettings="FALSE" ReadOnly="TRUE" Hidden="TRUE" />
        <Field ID="{cb19284a-cde7-4570-a980-1dab8bd74470}" Name="_ExtendedDescription" SourceID="http://schemas.microsoft.com/sharepoint/v3" StaticName="_ExtendedDescription" DisplayName="Beschreibung" Group="Erweiterte Spalten" RichText="TRUE" ShowInEditForm="FALSE" RichTextMode="Compatible" CanToggleHidden="TRUE" Type="Note" />
        <Field ID="{AC9CE95B-F081-4B8A-BB19-2F4427D44674}" Name="_ExpirationDate" SourceID="http://schemas.microsoft.com/sharepoint/v3" StaticName="_ExpirationDate" Hidden="TRUE" Group="_Hidden" ReadOnly="TRUE" Type="Lookup" List="Docs" ShowField="ExpirationDate" DisplayName="Ablaufdatum" FromBaseType="TRUE" DisplaceOnUpgrade="TRUE" FieldRef="ID" JoinColName="DoclibRowId" JoinRowOrdinal="0" JoinType="INNER" />
        <Field ID="{08D89A66-4634-42B8-9D5A-0C27395A48B3}" Name="TriggerFlowInfo" SourceID="http://schemas.microsoft.com/sharepoint/v3" Required="FALSE" ShowInFileDlg="FALSE" Hidden="TRUE" ShowInNewForm="FALSE" ShowInEditForm="FALSE" ReadOnlyEnforced="FALSE" ReadOnly="TRUE" DisplaceOnUpgrade="TRUE" StaticName="TriggerFlowInfo" Type="Text" DisplayName="Flow-Info auslösen" Sortable="FALSE" />
        <Field ID="{4C321A6D-2A91-428B-8296-59408B35901A}" Name="_SourceDynamicSectionId" StaticName="_SourceDynamicSectionId" DisplayName="sourceDynamicPageId" Type="Text" SourceID="http://schemas.microsoft.com/sharepoint/v3" Group="_Hidden" Indexed="TRUE" Description="" ShowInEditForm="FALSE" AllowDeletion="FALSE" Hidden="TRUE" />
        <Field ID="{D8A77D76-536B-45D2-8B9B-E4E9B00CF3DC}" Name="_Emoji" SourceID="http://schemas.microsoft.com/sharepoint/v3" Required="FALSE" Hidden="TRUE" ShowInFileDlg="FALSE" ShowInNewForm="FALSE" ShowInEditForm="FALSE" DisplaceOnUpgrade="TRUE" StaticName="_Emoji" Type="Text" DisplayName="Emoji" Sortable="FALSE" />
        <Field ID="{ff41708b-e251-4237-a060-bea44657e8dc}" Name="_SPAssetFolderId" StaticName="_SPAssetFolderId" DisplayName="Ressourcenordner-ID" Type="Number" SourceID="http://schemas.microsoft.com/sharepoint/v3" Group="_Hidden" Description="" ReadOnly="TRUE" AllowDeletion="FALSE" Hidden="TRUE" />
        <Field ID="{0F17D094-F613-4D33-8031-7B22650AAD78}" Name="MediaUserMetadata" SourceID="http://schemas.microsoft.com/sharepoint/v3" Required="FALSE" Hidden="TRUE" Group="_Hidden" Sealed="TRUE" UnlimitedLengthInDocumentLibrary="TRUE" ShowInFileDlg="FALSE" ShowInNewForm="FALSE" ShowInEditForm="FALSE" ShowInDisplayForm="FALSE" ShowInViewForms="FALSE" ShowInListSettings="FALSE" DisplaceOnUpgrade="TRUE" StaticName="MediaUserMetadata" Type="Note" DisplayName="Medienbenutzermetadaten" Sortable="FALSE" />
        <Field ID="{DCA4E5A0-0887-4480-8F7B-EFCF76B76413}" Name="MediaGeneratedMetadata" SourceID="http://schemas.microsoft.com/sharepoint/v3" Required="FALSE" Hidden="TRUE" Group="_Hidden" Sealed="TRUE" UnlimitedLengthInDocumentLibrary="TRUE" ShowInFileDlg="FALSE" ShowInNewForm="FALSE" ShowInEditForm="FALSE" ShowInDisplayForm="FALSE" ShowInViewForms="FALSE" ShowInListSettings="FALSE" DisplaceOnUpgrade="TRUE" StaticName="MediaGeneratedMetadata" Type="Note" DisplayName="Mediengenerierte Metadaten" Sortable="FALSE" />
        <Field ID="{577d74a4-b828-4c3c-bfcd-b16d76cdbc0a}" Name="ComplianceTagAppId" SourceID="http://schemas.microsoft.com/sharepoint/v3" Required="FALSE" ShowInFileDlg="FALSE" ShowInNewForm="FALSE" ShowInEditForm="FALSE" Hidden="TRUE" DisplaceOnUpgrade="TRUE" ReadOnly="TRUE" StaticName="ComplianceTagAppId" Type="Text" DisplayName="Von App-ID angewendete Bezeichnung" Sortable="FALSE" />
        <Field ID="{3BDAB9AC-9E5D-44D4-BDE9-13B37E170618}" Name="_ColorHex" SourceID="http://schemas.microsoft.com/sharepoint/v3" Required="FALSE" Hidden="TRUE" ShowInFileDlg="FALSE" ShowInNewForm="FALSE" ShowInEditForm="FALSE" DisplaceOnUpgrade="TRUE" StaticName="_ColorHex" Type="Text" DisplayName="Farbe" Sortable="FALSE" />
        <Field ID="{76D13CD2-1BAE-45A5-8B74-545B87B65037}" Name="_ColorTag" SourceID="http://schemas.microsoft.com/sharepoint/v3" Required="FALSE" ShowInFileDlg="FALSE" ShowInNewForm="FALSE" ShowInEditForm="FALSE" ReadOnly="TRUE" DisplaceOnUpgrade="TRUE" Type="Text" StaticName="_ColorTag" DisplayName="Farbkennzeichnung" Sortable="TRUE" />
        <Field ID="{3A8EE3F8-166B-4394-B3E2-E98DCF86A847}" Name="A2ODMountCount" SourceID="http://schemas.microsoft.com/sharepoint/v3" StaticName="A2ODMountCount" Hidden="TRUE" Group="_Hidden" ReadOnly="TRUE" Type="Lookup" List="Docs" ShowField="A2ODMountCount" DisplayName="A2OD-Bereitstellungsanzahl" FromBaseType="TRUE" DisplaceOnUpgrade="TRUE" FieldRef="ID" JoinColName="DoclibRowId" JoinRowOrdinal="0" JoinType="INNER" />
        <Field ID="{031C92FD-9CB6-4AC8-8F5F-636D28E37079}" Name="_SPAuthoringMetadata" StaticName="_SPAuthoringMetadata" DisplayName="Metadaten werden erstellt" Type="Note" SourceID="http://schemas.microsoft.com/sharepoint/v3" Group="_Hidden" Description="" AllowDeletion="FALSE" ShowInNewForm="FALSE" ShowInEditForm="FALSE" ShowInDisplayForm="FALSE" ShowInViewForms="FALSE" ShowInListSettings="FALSE" ReadOnly="TRUE" Hidden="TRUE" />
      </pnp:SiteFields>
      <pnp:Lists>
        <pnp:ListInstance Title="pssStatus" Description="" DocumentTemplate="" TemplateType="100" Url="Lists/Status" EnableVersioning="true" MinorVersionLimit="0" MaxVersionLimit="50" DraftVersionVisibility="0" TemplateFeatureID="00bfea71-de22-43b2-a848-c05709900100" EnableAttachments="false" EnableFolderCreation="false" NoCrawl="true" DefaultDisplayFormUrl="{site}/Lists/Status/DispForm.aspx" DefaultEditFormUrl="{site}/Lists/Status/EditForm.aspx" DefaultNewFormUrl="{site}/Lists/Status/NewForm.aspx" ImageUrl="/_layouts/15/images/itgen.png?rev=47" IrmExpire="false" IrmReject="false" IsApplicationList="false" ValidationFormula="" ValidationMessage="">
          <pnp:ContentTypeBindings>
            <pnp:ContentTypeBinding ContentTypeID="0x01" Default="true" />
            <pnp:ContentTypeBinding ContentTypeID="0x0120" />
          </pnp:ContentTypeBindings>
          <pnp:Views>
            <View Name="{08E906C8-D69A-4D5F-AAB3-267382093BCE}" DefaultView="TRUE" MobileView="TRUE" MobileDefaultView="TRUE" Type="HTML" DisplayName="Alle Elemente" Url="{site}/Lists/Status/AllItems.aspx" Level="1" BaseViewID="1" ContentTypeID="0x" ImageUrl="/_layouts/15/images/generic.png?rev=47">
              <Query>
                <OrderBy>
                  <FieldRef Name="SortNo" Ascending="TRUE" />
                </OrderBy>
              </Query>
              <ViewFields>
                <FieldRef Name="LinkTitle" />
                <FieldRef Name="Status" />
                <FieldRef Name="SortNo" />
                <FieldRef Name="DefectClass" />
                <FieldRef Name="Icon" />
              </ViewFields>
              <RowLimit Paged="TRUE">30</RowLimit>
              <JSLink>clienttemplates.js</JSLink>
              <ColumnWidth>
                <FieldRef Name="Titel" width="200" />
                <FieldRef Name="Status" width="265.20001220703125" />
              </ColumnWidth>
            </View>
          </pnp:Views>
          <pnp:Fields>
            <Field Type="Number" DisplayName="SortNo" Required="TRUE" EnforceUniqueValues="FALSE" Indexed="FALSE" Decimals="0" ID="{ea3ecd46-929a-4643-92f1-859d7943843e}" SourceID="{{listid:pssStatus}}" StaticName="SortNo" Name="SortNo" ColName="float1" RowOrdinal="0" CustomFormatter="" Percentage="FALSE" Version="1" />
            <Field Type="Text" DisplayName="Status" Required="FALSE" EnforceUniqueValues="FALSE" Indexed="FALSE" MaxLength="32" ID="{90bd31dc-abff-4055-b733-621e9b6d40a3}" SourceID="{{listid:pssStatus}}" StaticName="Status" Name="Status" ColName="nvarchar7" RowOrdinal="0" CustomFormatter="" Version="2" />
            <Field Type="Number" DisplayName="DefectClass" Required="TRUE" EnforceUniqueValues="FALSE" Indexed="FALSE" Min="0" Max="10" Decimals="0" ID="{a2a5d646-2244-441d-8949-427ad86ce3cc}" SourceID="{{listid:pssStatus}}" StaticName="DefectClass" Name="DefectClass" ColName="float2" RowOrdinal="0" CustomFormatter="" Percentage="FALSE" Version="1" />
            <Field Type="Text" DisplayName="Icon" Required="FALSE" EnforceUniqueValues="FALSE" Indexed="FALSE" MaxLength="32" ID="{5b2b8a19-0b68-4892-97a9-9dcb1ba97f13}" SourceID="{{listid:pssStatus}}" StaticName="Icon" Name="Icon" ColName="nvarchar8" RowOrdinal="0" CustomFormatter="" Version="1" />
          </pnp:Fields>
          <pnp:FieldRefs>
            <pnp:FieldRef ID="fa564e0f-0c70-4ab9-b863-0177e6ddd247" Name="Title" DisplayName="Titel" />
            <pnp:FieldRef ID="76d13cd2-1bae-45a5-8b74-545b87b65037" Name="_ColorTag" DisplayName="Farbkennzeichnung" />
          </pnp:FieldRefs>
          <pnp:DataRows UpdateBehavior="Overwrite">
            <pnp:DataRow>
              <pnp:DataValue FieldName="Title">Status</pnp:DataValue>
              <pnp:DataValue FieldName="SortNo">40</pnp:DataValue>
              <pnp:DataValue FieldName="Status">picked up</pnp:DataValue>
              <pnp:DataValue FieldName="DefectClass">0</pnp:DataValue>
              <pnp:DataValue FieldName="Icon">Icon.CheckBadge</pnp:DataValue>
              <pnp:DataValue FieldName="Order">100</pnp:DataValue>
              <pnp:DataValue FieldName="FileLeafRef">1_.000</pnp:DataValue>
              <pnp:DataValue FieldName="MetaInfo"></pnp:DataValue>
            </pnp:DataRow>
            <pnp:DataRow>
              <pnp:DataValue FieldName="Title">Status</pnp:DataValue>
              <pnp:DataValue FieldName="SortNo">113</pnp:DataValue>
              <pnp:DataValue FieldName="Status">significant defects</pnp:DataValue>
              <pnp:DataValue FieldName="DefectClass">2</pnp:DataValue>
              <pnp:DataValue FieldName="Icon">Icon.EmojiSad</pnp:DataValue>
              <pnp:DataValue FieldName="Order">200</pnp:DataValue>
              <pnp:DataValue FieldName="FileLeafRef">2_.000</pnp:DataValue>
              <pnp:DataValue FieldName="MetaInfo"></pnp:DataValue>
            </pnp:DataRow>
            <pnp:DataRow>
              <pnp:DataValue FieldName="Title">Status</pnp:DataValue>
              <pnp:DataValue FieldName="SortNo">11</pnp:DataValue>
              <pnp:DataValue FieldName="Status">done</pnp:DataValue>
              <pnp:DataValue FieldName="DefectClass">0</pnp:DataValue>
              <pnp:DataValue FieldName="Icon">Icon.CheckBadge</pnp:DataValue>
              <pnp:DataValue FieldName="Order">300</pnp:DataValue>
              <pnp:DataValue FieldName="FileLeafRef">3_.000</pnp:DataValue>
              <pnp:DataValue FieldName="MetaInfo"></pnp:DataValue>
            </pnp:DataRow>
            <pnp:DataRow>
              <pnp:DataValue FieldName="Title">Status</pnp:DataValue>
              <pnp:DataValue FieldName="SortNo">114</pnp:DataValue>
              <pnp:DataValue FieldName="Status">dangerous defects</pnp:DataValue>
              <pnp:DataValue FieldName="DefectClass">3</pnp:DataValue>
              <pnp:DataValue FieldName="Icon">Icon.Warning</pnp:DataValue>
              <pnp:DataValue FieldName="Order">400</pnp:DataValue>
              <pnp:DataValue FieldName="FileLeafRef">4_.000</pnp:DataValue>
              <pnp:DataValue FieldName="MetaInfo"></pnp:DataValue>
            </pnp:DataRow>
            <pnp:DataRow>
              <pnp:DataValue FieldName="Title">Status</pnp:DataValue>
              <pnp:DataValue FieldName="SortNo">112</pnp:DataValue>
              <pnp:DataValue FieldName="Status">minor defects</pnp:DataValue>
              <pnp:DataValue FieldName="DefectClass">1</pnp:DataValue>
              <pnp:DataValue FieldName="Icon">Icon.EmojiSmile</pnp:DataValue>
              <pnp:DataValue FieldName="Order">500</pnp:DataValue>
              <pnp:DataValue FieldName="FileLeafRef">5_.000</pnp:DataValue>
              <pnp:DataValue FieldName="MetaInfo"></pnp:DataValue>
            </pnp:DataRow>
            <pnp:DataRow>
              <pnp:DataValue FieldName="Title">Status</pnp:DataValue>
              <pnp:DataValue FieldName="SortNo">116</pnp:DataValue>
              <pnp:DataValue FieldName="Status">fixed</pnp:DataValue>
              <pnp:DataValue FieldName="DefectClass">0</pnp:DataValue>
              <pnp:DataValue FieldName="Icon">Icon.Enhance</pnp:DataValue>
              <pnp:DataValue FieldName="Order">700</pnp:DataValue>
              <pnp:DataValue FieldName="FileLeafRef">7_.000</pnp:DataValue>
              <pnp:DataValue FieldName="MetaInfo"></pnp:DataValue>
            </pnp:DataRow>
            <pnp:DataRow>
              <pnp:DataValue FieldName="Title">Status</pnp:DataValue>
              <pnp:DataValue FieldName="SortNo">10</pnp:DataValue>
              <pnp:DataValue FieldName="Status">open</pnp:DataValue>
              <pnp:DataValue FieldName="DefectClass">0</pnp:DataValue>
              <pnp:DataValue FieldName="Icon">Icon.Flag</pnp:DataValue>
              <pnp:DataValue FieldName="Order">800</pnp:DataValue>
              <pnp:DataValue FieldName="FileLeafRef">8_.000</pnp:DataValue>
              <pnp:DataValue FieldName="MetaInfo"></pnp:DataValue>
            </pnp:DataRow>
            <pnp:DataRow>
              <pnp:DataValue FieldName="Title">Status</pnp:DataValue>
              <pnp:DataValue FieldName="SortNo">2</pnp:DataValue>
              <pnp:DataValue FieldName="Status">not relevant</pnp:DataValue>
              <pnp:DataValue FieldName="DefectClass">0</pnp:DataValue>
              <pnp:DataValue FieldName="Icon">Icon.Blocked</pnp:DataValue>
              <pnp:DataValue FieldName="Order">900</pnp:DataValue>
              <pnp:DataValue FieldName="FileLeafRef">9_.000</pnp:DataValue>
              <pnp:DataValue FieldName="MetaInfo"></pnp:DataValue>
            </pnp:DataRow>
            <pnp:DataRow>
              <pnp:DataValue FieldName="Title">Status</pnp:DataValue>
              <pnp:DataValue FieldName="SortNo">111</pnp:DataValue>
              <pnp:DataValue FieldName="Status">without identified defects</pnp:DataValue>
              <pnp:DataValue FieldName="DefectClass">0</pnp:DataValue>
              <pnp:DataValue FieldName="Icon">Icon.EmojiHappy</pnp:DataValue>
              <pnp:DataValue FieldName="Order">1000</pnp:DataValue>
              <pnp:DataValue FieldName="FileLeafRef">10_.000</pnp:DataValue>
              <pnp:DataValue FieldName="MetaInfo"></pnp:DataValue>
            </pnp:DataRow>
            <pnp:DataRow>
              <pnp:DataValue FieldName="Title">Status</pnp:DataValue>
              <pnp:DataValue FieldName="SortNo">115</pnp:DataValue>
              <pnp:DataValue FieldName="Status">to be fixed</pnp:DataValue>
              <pnp:DataValue FieldName="DefectClass">2</pnp:DataValue>
              <pnp:DataValue FieldName="Icon">Icon.Medical</pnp:DataValue>
              <pnp:DataValue FieldName="Order">1200</pnp:DataValue>
              <pnp:DataValue FieldName="FileLeafRef">12_.000</pnp:DataValue>
              <pnp:DataValue FieldName="MetaInfo"></pnp:DataValue>
            </pnp:DataRow>
            <pnp:DataRow>
              <pnp:DataValue FieldName="Title">Status</pnp:DataValue>
              <pnp:DataValue FieldName="SortNo">31</pnp:DataValue>
              <pnp:DataValue FieldName="Status">not answered</pnp:DataValue>
              <pnp:DataValue FieldName="DefectClass">0</pnp:DataValue>
              <pnp:DataValue FieldName="Icon">Icon.Flag</pnp:DataValue>
              <pnp:DataValue FieldName="Order">1300</pnp:DataValue>
              <pnp:DataValue FieldName="FileLeafRef">13_.000</pnp:DataValue>
              <pnp:DataValue FieldName="MetaInfo"></pnp:DataValue>
            </pnp:DataRow>
            <pnp:DataRow>
              <pnp:DataValue FieldName="Title">Status</pnp:DataValue>
              <pnp:DataValue FieldName="SortNo">30</pnp:DataValue>
              <pnp:DataValue FieldName="Status">answered</pnp:DataValue>
              <pnp:DataValue FieldName="DefectClass">0</pnp:DataValue>
              <pnp:DataValue FieldName="Icon">Icon.CheckBadge</pnp:DataValue>
              <pnp:DataValue FieldName="Order">1400</pnp:DataValue>
              <pnp:DataValue FieldName="FileLeafRef">14_.000</pnp:DataValue>
              <pnp:DataValue FieldName="MetaInfo"></pnp:DataValue>
            </pnp:DataRow>
            <pnp:DataRow>
              <pnp:DataValue FieldName="Title">Status</pnp:DataValue>
              <pnp:DataValue FieldName="SortNo">1</pnp:DataValue>
              <pnp:DataValue FieldName="Status" />
              <pnp:DataValue FieldName="DefectClass">0</pnp:DataValue>
              <pnp:DataValue FieldName="Icon" />
              <pnp:DataValue FieldName="Order">1500</pnp:DataValue>
              <pnp:DataValue FieldName="FileLeafRef">15_.000</pnp:DataValue>
              <pnp:DataValue FieldName="MetaInfo"></pnp:DataValue>
            </pnp:DataRow>
            <pnp:DataRow>
              <pnp:DataValue FieldName="Title">Status</pnp:DataValue>
              <pnp:DataValue FieldName="SortNo">50</pnp:DataValue>
              <pnp:DataValue FieldName="Status">like it</pnp:DataValue>
              <pnp:DataValue FieldName="DefectClass">0</pnp:DataValue>
              <pnp:DataValue FieldName="Icon">Icon.ThumbsUp</pnp:DataValue>
              <pnp:DataValue FieldName="Order">1600</pnp:DataValue>
              <pnp:DataValue FieldName="FileLeafRef">16_.000</pnp:DataValue>
              <pnp:DataValue FieldName="MetaInfo"></pnp:DataValue>
            </pnp:DataRow>
            <pnp:DataRow>
              <pnp:DataValue FieldName="Title">Status</pnp:DataValue>
              <pnp:DataValue FieldName="SortNo">51</pnp:DataValue>
              <pnp:DataValue FieldName="Status">don't like it</pnp:DataValue>
              <pnp:DataValue FieldName="DefectClass">0</pnp:DataValue>
              <pnp:DataValue FieldName="Icon">Icon.ThumbsDown</pnp:DataValue>
              <pnp:DataValue FieldName="Order">1700</pnp:DataValue>
              <pnp:DataValue FieldName="FileLeafRef">17_.000</pnp:DataValue>
              <pnp:DataValue FieldName="MetaInfo"></pnp:DataValue>
            </pnp:DataRow>
            <pnp:DataRow>
              <pnp:DataValue FieldName="Title">Status</pnp:DataValue>
              <pnp:DataValue FieldName="SortNo">52</pnp:DataValue>
              <pnp:DataValue FieldName="Status">don't know</pnp:DataValue>
              <pnp:DataValue FieldName="DefectClass">0</pnp:DataValue>
              <pnp:DataValue FieldName="Icon">Icon.EmojiNeutral</pnp:DataValue>
              <pnp:DataValue FieldName="Order">1800</pnp:DataValue>
              <pnp:DataValue FieldName="FileLeafRef">18_.000</pnp:DataValue>
              <pnp:DataValue FieldName="MetaInfo"></pnp:DataValue>
            </pnp:DataRow>
            <pnp:DataRow>
              <pnp:DataValue FieldName="Title">Status</pnp:DataValue>
              <pnp:DataValue FieldName="SortNo">52</pnp:DataValue>
              <pnp:DataValue FieldName="Status">Yes</pnp:DataValue>
              <pnp:DataValue FieldName="DefectClass">0</pnp:DataValue>
              <pnp:DataValue FieldName="Icon">Icon.ThumbsUp</pnp:DataValue>
              <pnp:DataValue FieldName="Order">1900</pnp:DataValue>
              <pnp:DataValue FieldName="FileLeafRef">19_.000</pnp:DataValue>
              <pnp:DataValue FieldName="MetaInfo"></pnp:DataValue>
            </pnp:DataRow>
            <pnp:DataRow>
              <pnp:DataValue FieldName="Title">Status</pnp:DataValue>
              <pnp:DataValue FieldName="SortNo">53</pnp:DataValue>
              <pnp:DataValue FieldName="Status">No</pnp:DataValue>
              <pnp:DataValue FieldName="DefectClass">0</pnp:DataValue>
              <pnp:DataValue FieldName="Icon">Icon.ThumbsDown</pnp:DataValue>
              <pnp:DataValue FieldName="Order">2000</pnp:DataValue>
              <pnp:DataValue FieldName="FileLeafRef">20_.000</pnp:DataValue>
              <pnp:DataValue FieldName="MetaInfo"></pnp:DataValue>
            </pnp:DataRow>
            <pnp:DataRow>
              <pnp:DataValue FieldName="Title">Status</pnp:DataValue>
              <pnp:DataValue FieldName="SortNo">111</pnp:DataValue>
              <pnp:DataValue FieldName="Status">OK</pnp:DataValue>
              <pnp:DataValue FieldName="DefectClass">0</pnp:DataValue>
              <pnp:DataValue FieldName="Icon">Icon.EmojiHappy</pnp:DataValue>
              <pnp:DataValue FieldName="Order">2100</pnp:DataValue>
              <pnp:DataValue FieldName="FileLeafRef">21_.000</pnp:DataValue>
              <pnp:DataValue FieldName="MetaInfo"></pnp:DataValue>
            </pnp:DataRow>
            <pnp:DataRow>
              <pnp:DataValue FieldName="Title">Status</pnp:DataValue>
              <pnp:DataValue FieldName="SortNo">115</pnp:DataValue>
              <pnp:DataValue FieldName="Status">not OK</pnp:DataValue>
              <pnp:DataValue FieldName="DefectClass">2</pnp:DataValue>
              <pnp:DataValue FieldName="Icon">Icon.EmojiSad</pnp:DataValue>
              <pnp:DataValue FieldName="Order">2200</pnp:DataValue>
              <pnp:DataValue FieldName="FileLeafRef">22_.000</pnp:DataValue>
              <pnp:DataValue FieldName="MetaInfo"></pnp:DataValue>
            </pnp:DataRow>
          </pnp:DataRows>
          <pnp:FieldDefaults>
            <pnp:FieldDefault FieldName="Title">Status</pnp:FieldDefault>
          </pnp:FieldDefaults>
        </pnp:ListInstance>
      </pnp:Lists>
    </pnp:ProvisioningTemplate>
  </pnp:Templates>
</pnp:Provisioning>