<environmentvariabledefinition schemaname="pobvol_pssChecklistsFlexFieldsText">
  <apiid>/providers/microsoft.powerapps/apis/shared_sharepointonline</apiid>
  <description default="Fields labels in different languages">
    <label description="Fields labels in different languages" languagecode="1031" />
  </description>
  <displayname default="pssChecklistsFlexFieldsText">
    <label description="pssChecklistsFlexFieldsText" languagecode="1031" />
  </displayname>
  <introducedversion>0.5</introducedversion>
  <iscustomizable>1</iscustomizable>
  <isrequired>0</isrequired>
  <parameterkey>table</parameterkey>
  <parentdefinitionid>
    <schemaname>pobvol_pssChecklistsTeam</schemaname>
  </parentdefinitionid>
  <secretstore>0</secretstore>
  <type>100000004</type>
</environmentvariabledefinition>