<environmentvariabledefinition schemaname="pobvol_pssChecklistsFlexFields">
  <apiid>/providers/microsoft.powerapps/apis/shared_sharepointonline</apiid>
  <description default="Fields">
    <label description="Fields" languagecode="1031" />
  </description>
  <displayname default="pssChecklistsFlexFields">
    <label description="pssChecklistsFlexFields" languagecode="1031" />
  </displayname>
  <introducedversion>0.5</introducedversion>
  <iscustomizable>1</iscustomizable>
  <isrequired>0</isrequired>
  <parameterkey>table</parameterkey>
  <parentdefinitionid>
    <schemaname>pobvol_pssChecklistsTeam</schemaname>
  </parentdefinitionid>
  <secretstore>0</secretstore>
  <type>100000004</type>
</environmentvariabledefinition>