<?xml version="1.0" encoding="utf-8"?>
<pnp:Provisioning xmlns:pnp="http://schemas.dev.office.com/PnP/2022/09/ProvisioningSchema">
  <pnp:Preferences Generator="PnP.Framework, Version=1.18.0.0, Culture=neutral, PublicKeyToken=0d501f89f11b748c" />
  <pnp:Templates ID="CONTAINER-TEMPLATE-A3AD0FF5B14448B4AD818C768DC68BA1">
    <pnp:ProvisioningTemplate ID="TEMPLATE-A3AD0FF5B14448B4AD818C768DC68BA1" Version="1" BaseSiteTemplate="GROUP#0" Scope="RootSite">
      <pnp:SiteFields>
        <Field ID="{9889a80f-c9ec-41d8-a359-ac5fb5c4cfa2}" Name="_SPCallToAction" StaticName="_SPCallToAction" DisplayName="Handlungsaufruf" Type="Note" SourceID="http://schemas.microsoft.com/sharepoint/v3" Group="_Hidden" Description="" AllowDeletion="FALSE" ShowInNewForm="FALSE" ShowInEditForm="FALSE" ShowInDisplayForm="FALSE" ShowInViewForms="FALSE" ShowInListSettings="FALSE" />
        <Field ID="{86EBE41F-255F-4170-B040-9977528A8BF5}" Name="_SPCollaborators" StaticName="_SPCollaborators" DisplayName="Mitarbeiter" Type="Note" SourceID="http://schemas.microsoft.com/sharepoint/v3" Group="_Hidden" Description="" AllowDeletion="FALSE" ShowInNewForm="FALSE" ShowInEditForm="FALSE" ShowInDisplayForm="FALSE" ShowInViewForms="FALSE" ShowInListSettings="FALSE" ReadOnly="TRUE" Hidden="TRUE" />
        <Field ID="{cb19284a-cde7-4570-a980-1dab8bd74470}" Name="_ExtendedDescription" SourceID="http://schemas.microsoft.com/sharepoint/v3" StaticName="_ExtendedDescription" DisplayName="Beschreibung" Group="Erweiterte Spalten" RichText="TRUE" ShowInEditForm="FALSE" RichTextMode="Compatible" CanToggleHidden="TRUE" Type="Note" />
        <Field ID="{AC9CE95B-F081-4B8A-BB19-2F4427D44674}" Name="_ExpirationDate" SourceID="http://schemas.microsoft.com/sharepoint/v3" StaticName="_ExpirationDate" Hidden="TRUE" Group="_Hidden" ReadOnly="TRUE" Type="Lookup" List="Docs" ShowField="ExpirationDate" DisplayName="Ablaufdatum" FromBaseType="TRUE" DisplaceOnUpgrade="TRUE" FieldRef="ID" JoinColName="DoclibRowId" JoinRowOrdinal="0" JoinType="INNER" />
        <Field ID="{08D89A66-4634-42B8-9D5A-0C27395A48B3}" Name="TriggerFlowInfo" SourceID="http://schemas.microsoft.com/sharepoint/v3" Required="FALSE" ShowInFileDlg="FALSE" Hidden="TRUE" ShowInNewForm="FALSE" ShowInEditForm="FALSE" ReadOnlyEnforced="FALSE" ReadOnly="TRUE" DisplaceOnUpgrade="TRUE" StaticName="TriggerFlowInfo" Type="Text" DisplayName="Flow-Info auslösen" Sortable="FALSE" />
        <Field ID="{4C321A6D-2A91-428B-8296-59408B35901A}" Name="_SourceDynamicSectionId" StaticName="_SourceDynamicSectionId" DisplayName="sourceDynamicPageId" Type="Text" SourceID="http://schemas.microsoft.com/sharepoint/v3" Group="_Hidden" Indexed="TRUE" Description="" ShowInEditForm="FALSE" AllowDeletion="FALSE" Hidden="TRUE" />
        <Field ID="{D8A77D76-536B-45D2-8B9B-E4E9B00CF3DC}" Name="_Emoji" SourceID="http://schemas.microsoft.com/sharepoint/v3" Required="FALSE" Hidden="TRUE" ShowInFileDlg="FALSE" ShowInNewForm="FALSE" ShowInEditForm="FALSE" DisplaceOnUpgrade="TRUE" StaticName="_Emoji" Type="Text" DisplayName="Emoji" Sortable="FALSE" />
        <Field ID="{ff41708b-e251-4237-a060-bea44657e8dc}" Name="_SPAssetFolderId" StaticName="_SPAssetFolderId" DisplayName="Ressourcenordner-ID" Type="Number" SourceID="http://schemas.microsoft.com/sharepoint/v3" Group="_Hidden" Description="" ReadOnly="TRUE" AllowDeletion="FALSE" Hidden="TRUE" />
        <Field ID="{0F17D094-F613-4D33-8031-7B22650AAD78}" Name="MediaUserMetadata" SourceID="http://schemas.microsoft.com/sharepoint/v3" Required="FALSE" Hidden="TRUE" Group="_Hidden" Sealed="TRUE" UnlimitedLengthInDocumentLibrary="TRUE" ShowInFileDlg="FALSE" ShowInNewForm="FALSE" ShowInEditForm="FALSE" ShowInDisplayForm="FALSE" ShowInViewForms="FALSE" ShowInListSettings="FALSE" DisplaceOnUpgrade="TRUE" StaticName="MediaUserMetadata" Type="Note" DisplayName="Medienbenutzermetadaten" Sortable="FALSE" />
        <Field ID="{DCA4E5A0-0887-4480-8F7B-EFCF76B76413}" Name="MediaGeneratedMetadata" SourceID="http://schemas.microsoft.com/sharepoint/v3" Required="FALSE" Hidden="TRUE" Group="_Hidden" Sealed="TRUE" UnlimitedLengthInDocumentLibrary="TRUE" ShowInFileDlg="FALSE" ShowInNewForm="FALSE" ShowInEditForm="FALSE" ShowInDisplayForm="FALSE" ShowInViewForms="FALSE" ShowInListSettings="FALSE" DisplaceOnUpgrade="TRUE" StaticName="MediaGeneratedMetadata" Type="Note" DisplayName="Mediengenerierte Metadaten" Sortable="FALSE" />
        <Field ID="{577d74a4-b828-4c3c-bfcd-b16d76cdbc0a}" Name="ComplianceTagAppId" SourceID="http://schemas.microsoft.com/sharepoint/v3" Required="FALSE" ShowInFileDlg="FALSE" ShowInNewForm="FALSE" ShowInEditForm="FALSE" Hidden="TRUE" DisplaceOnUpgrade="TRUE" ReadOnly="TRUE" StaticName="ComplianceTagAppId" Type="Text" DisplayName="Von App-ID angewendete Bezeichnung" Sortable="FALSE" />
        <Field ID="{3BDAB9AC-9E5D-44D4-BDE9-13B37E170618}" Name="_ColorHex" SourceID="http://schemas.microsoft.com/sharepoint/v3" Required="FALSE" Hidden="TRUE" ShowInFileDlg="FALSE" ShowInNewForm="FALSE" ShowInEditForm="FALSE" DisplaceOnUpgrade="TRUE" StaticName="_ColorHex" Type="Text" DisplayName="Farbe" Sortable="FALSE" />
        <Field ID="{76D13CD2-1BAE-45A5-8B74-545B87B65037}" Name="_ColorTag" SourceID="http://schemas.microsoft.com/sharepoint/v3" Required="FALSE" ShowInFileDlg="FALSE" ShowInNewForm="FALSE" ShowInEditForm="FALSE" ReadOnly="TRUE" DisplaceOnUpgrade="TRUE" Type="Text" StaticName="_ColorTag" DisplayName="Farbkennzeichnung" Sortable="TRUE" />
        <Field ID="{3A8EE3F8-166B-4394-B3E2-E98DCF86A847}" Name="A2ODMountCount" SourceID="http://schemas.microsoft.com/sharepoint/v3" StaticName="A2ODMountCount" Hidden="TRUE" Group="_Hidden" ReadOnly="TRUE" Type="Lookup" List="Docs" ShowField="A2ODMountCount" DisplayName="A2OD-Bereitstellungsanzahl" FromBaseType="TRUE" DisplaceOnUpgrade="TRUE" FieldRef="ID" JoinColName="DoclibRowId" JoinRowOrdinal="0" JoinType="INNER" />
        <Field ID="{031C92FD-9CB6-4AC8-8F5F-636D28E37079}" Name="_SPAuthoringMetadata" StaticName="_SPAuthoringMetadata" DisplayName="Metadaten werden erstellt" Type="Note" SourceID="http://schemas.microsoft.com/sharepoint/v3" Group="_Hidden" Description="" AllowDeletion="FALSE" ShowInNewForm="FALSE" ShowInEditForm="FALSE" ShowInDisplayForm="FALSE" ShowInViewForms="FALSE" ShowInListSettings="FALSE" ReadOnly="TRUE" Hidden="TRUE" />
      </pnp:SiteFields>
      <pnp:Lists>
        <pnp:ListInstance Title="pssActivities" Description="" DocumentTemplate="" TemplateType="100" Url="Lists/pssActivities" EnableVersioning="true" MinorVersionLimit="0" MaxVersionLimit="50" DraftVersionVisibility="0" TemplateFeatureID="00bfea71-de22-43b2-a848-c05709900100" EnableAttachments="false" EnableFolderCreation="false" NoCrawl="true" DefaultDisplayFormUrl="{site}/Lists/pssActivities/DispForm.aspx" DefaultEditFormUrl="{site}/Lists/pssActivities/EditForm.aspx" DefaultNewFormUrl="{site}/Lists/pssActivities/NewForm.aspx" ImageUrl="/_layouts/15/images/itgen.png?rev=47" IrmExpire="false" IrmReject="false" IsApplicationList="false" ValidationFormula="" ValidationMessage="">
          <pnp:ContentTypeBindings>
            <pnp:ContentTypeBinding ContentTypeID="0x01" Default="true" />
            <pnp:ContentTypeBinding ContentTypeID="0x0120" />
          </pnp:ContentTypeBindings>
          <pnp:Views>
            <View Name="{3E9C2A5C-E5B3-4366-BDDC-518BE8F3AD14}" DefaultView="TRUE" MobileView="TRUE" MobileDefaultView="TRUE" Type="HTML" DisplayName="Alle Elemente" Url="{site}/Lists/pssActivities/AllItems.aspx" Level="1" BaseViewID="1" ContentTypeID="0x" ImageUrl="/_layouts/15/images/generic.png?rev=47">
              <Query>
                <OrderBy>
                  <FieldRef Name="Modified" Ascending="FALSE" />
                </OrderBy>
              </Query>
              <ViewFields>
                <FieldRef Name="Modified" />
                <FieldRef Name="ID" />
                <FieldRef Name="KEY" />
                <FieldRef Name="DocumentStatus" />
                <FieldRef Name="LinkTitle" />
                <FieldRef Name="ChecklistText" />
                <FieldRef Name="Date" />
                <FieldRef Name="User" />
                <FieldRef Name="UserEMail" />
                <FieldRef Name="Status" />
                <FieldRef Name="Comments" />
                <FieldRef Name="Editor" />
                <FieldRef Name="LanguageTag" />
              </ViewFields>
              <RowLimit Paged="TRUE">30</RowLimit>
              <JSLink>clienttemplates.js</JSLink>
              <ColumnWidth>
                <FieldRef Name="Titel" width="200" />
                <FieldRef Name="ID" width="110" />
                <FieldRef Name="KEY" width="187.01040649414062" />
                <FieldRef Name="Date" width="164.34375" />
                <FieldRef Name="User" width="110" />
              </ColumnWidth>
            </View>
          </pnp:Views>
          <pnp:Fields>
            <Field Type="Text" DisplayName="KEY" Required="FALSE" EnforceUniqueValues="FALSE" Indexed="TRUE" MaxLength="255" ID="{197c9058-87be-4f95-90dd-e16500b713f3}" SourceID="{{listid:pssActivities}}" StaticName="KEY" Name="KEY" ColName="nvarchar10" RowOrdinal="0" Version="1" />
            <Field Type="Text" DisplayName="DocumentStatus" Required="FALSE" EnforceUniqueValues="FALSE" Indexed="FALSE" MaxLength="32" ID="{b98b492e-bcd0-437f-a847-b382b73f3b1d}" SourceID="{{listid:pssActivities}}" StaticName="DocumentStatus" Name="DocumentStatus" ColName="nvarchar8" RowOrdinal="0">
              <Default>New</Default>
            </Field>
            <Field Type="Text" DisplayName="ChecklistText" Required="FALSE" EnforceUniqueValues="FALSE" Indexed="FALSE" MaxLength="255" ID="{59b20146-3fe1-40de-b94f-0ca80322eccc}" SourceID="{{listid:pssActivities}}" StaticName="ChecklistText" Name="ChecklistText" ColName="nvarchar12" RowOrdinal="0" />
            <Field Type="DateTime" DisplayName="Date" Required="FALSE" EnforceUniqueValues="FALSE" Indexed="FALSE" Format="DateTime" FriendlyDisplayFormat="Relative" ID="{7231866c-0d1c-406f-8ce9-0569f9de0ff5}" SourceID="{{listid:pssActivities}}" StaticName="Date" Name="Date" ColName="datetime1" RowOrdinal="0" CustomFormatter="" CalType="0" Version="2">
              <Default>[today]</Default>
            </Field>
            <Field Type="Text" DisplayName="User" Required="FALSE" EnforceUniqueValues="FALSE" Indexed="FALSE" MaxLength="255" ID="{2f8b65c9-c0fd-4b4a-9816-9198d2a70761}" SourceID="{{listid:pssActivities}}" StaticName="User" Name="User" ColName="nvarchar7" RowOrdinal="0" />
            <Field Type="Text" DisplayName="UserEMail" Required="FALSE" EnforceUniqueValues="FALSE" Indexed="FALSE" MaxLength="255" ID="{6cf94df2-d9c1-4613-9292-1c9d3028b7cf}" SourceID="{{listid:pssActivities}}" StaticName="UserEMail" Name="UserEMail" ColName="nvarchar11" RowOrdinal="0" />
            <Field Type="Text" DisplayName="Status" Required="FALSE" EnforceUniqueValues="FALSE" Indexed="FALSE" MaxLength="255" ID="{b58ebaee-1ac6-4545-bc46-ddeaf5b411de}" SourceID="{{listid:pssActivities}}" StaticName="Status" Name="Status" ColName="nvarchar9" RowOrdinal="0" />
            <Field Type="Note" DisplayName="Comments" Required="FALSE" EnforceUniqueValues="FALSE" Indexed="FALSE" NumLines="6" RichText="FALSE" Sortable="FALSE" ID="{1eb9d04a-9808-4945-a15c-0364d600e96d}" SourceID="{{listid:pssActivities}}" StaticName="Comments" Name="Comments" ColName="ntext2" RowOrdinal="0" />
            <Field Type="Text" DisplayName="LanguageTag" Required="FALSE" EnforceUniqueValues="FALSE" Indexed="FALSE" MaxLength="2" ID="{2302b905-e282-4215-b3aa-046578db281f}" SourceID="{{listid:pssActivities}}" StaticName="LanguageTag" Name="LanguageTag" ColName="nvarchar13" RowOrdinal="0" />
          </pnp:Fields>
          <pnp:FieldRefs>
            <pnp:FieldRef ID="fa564e0f-0c70-4ab9-b863-0177e6ddd247" Name="Title" DisplayName="Titel" />
            <pnp:FieldRef ID="76d13cd2-1bae-45a5-8b74-545b87b65037" Name="_ColorTag" DisplayName="Farbkennzeichnung" />
          </pnp:FieldRefs>
          <pnp:Webhooks>
            <pnp:Webhook ServerNotificationUrl="https://flow-apim-europe-001-westeurope-01.azure-apim.net/apim/sharepointonline/ontableupdatedhook?r=https%253a%252f%252fdefaultf80835e92a0046e8b120985403297b.b0.environment.api.powerplatform.com%252fpowerautomate%252fautomations%252fdirect%252fworkflows%252f926992edf70a40bbb938935bd89ea1cf%252ftriggers%252fWhen_an_item_is_created_or_modified_in_Activities%252fpaths%252finvoke%252f%253fapi-version%253d1%2526sp%253d%25252Ftriggers%25252FWhen_an_item_is_created_or_modified_in_Activities%25252Frun%25252C%25252Ftriggers%25252FWhen_an_item_is_created_or_modified_in_Activities%25252Fread%2526sv%253d1.0%2526sig%253daa3ty6MSPB1F4GZs16oagpiUXVjNu1HC4Ez2XZGHUhg" ExpiresInDays="2" />
          </pnp:Webhooks>
        </pnp:ListInstance>
      </pnp:Lists>
    </pnp:ProvisioningTemplate>
  </pnp:Templates>
</pnp:Provisioning>