<?xml version="1.0" encoding="utf-8"?>
<pnp:Provisioning xmlns:pnp="http://schemas.dev.office.com/PnP/2022/09/ProvisioningSchema">
  <pnp:Preferences Generator="PnP.Framework, Version=1.18.0.0, Culture=neutral, PublicKeyToken=0d501f89f11b748c" />
  <pnp:Templates ID="CONTAINER-TEMPLATE-79B4E44A488741D58648D5BAF9AD2BE5">
    <pnp:ProvisioningTemplate ID="TEMPLATE-79B4E44A488741D58648D5BAF9AD2BE5" Version="1" BaseSiteTemplate="GROUP#0" Scope="RootSite">
      <pnp:SiteFields>
        <Field ID="{9889a80f-c9ec-41d8-a359-ac5fb5c4cfa2}" Name="_SPCallToAction" StaticName="_SPCallToAction" DisplayName="Handlungsaufruf" Type="Note" SourceID="http://schemas.microsoft.com/sharepoint/v3" Group="_Hidden" Description="" AllowDeletion="FALSE" ShowInNewForm="FALSE" ShowInEditForm="FALSE" ShowInDisplayForm="FALSE" ShowInViewForms="FALSE" ShowInListSettings="FALSE" />
        <Field ID="{86EBE41F-255F-4170-B040-9977528A8BF5}" Name="_SPCollaborators" StaticName="_SPCollaborators" DisplayName="Mitarbeiter" Type="Note" SourceID="http://schemas.microsoft.com/sharepoint/v3" Group="_Hidden" Description="" AllowDeletion="FALSE" ShowInNewForm="FALSE" ShowInEditForm="FALSE" ShowInDisplayForm="FALSE" ShowInViewForms="FALSE" ShowInListSettings="FALSE" ReadOnly="TRUE" Hidden="TRUE" />
        <Field ID="{cb19284a-cde7-4570-a980-1dab8bd74470}" Name="_ExtendedDescription" SourceID="http://schemas.microsoft.com/sharepoint/v3" StaticName="_ExtendedDescription" DisplayName="Beschreibung" Group="Erweiterte Spalten" RichText="TRUE" ShowInEditForm="FALSE" RichTextMode="Compatible" CanToggleHidden="TRUE" Type="Note" />
        <Field ID="{AC9CE95B-F081-4B8A-BB19-2F4427D44674}" Name="_ExpirationDate" SourceID="http://schemas.microsoft.com/sharepoint/v3" StaticName="_ExpirationDate" Hidden="TRUE" Group="_Hidden" ReadOnly="TRUE" Type="Lookup" List="Docs" ShowField="ExpirationDate" DisplayName="Ablaufdatum" FromBaseType="TRUE" DisplaceOnUpgrade="TRUE" FieldRef="ID" JoinColName="DoclibRowId" JoinRowOrdinal="0" JoinType="INNER" />
        <Field ID="{08D89A66-4634-42B8-9D5A-0C27395A48B3}" Name="TriggerFlowInfo" SourceID="http://schemas.microsoft.com/sharepoint/v3" Required="FALSE" ShowInFileDlg="FALSE" Hidden="TRUE" ShowInNewForm="FALSE" ShowInEditForm="FALSE" ReadOnlyEnforced="FALSE" ReadOnly="TRUE" DisplaceOnUpgrade="TRUE" StaticName="TriggerFlowInfo" Type="Text" DisplayName="Flow-Info auslösen" Sortable="FALSE" />
        <Field ID="{4C321A6D-2A91-428B-8296-59408B35901A}" Name="_SourceDynamicSectionId" StaticName="_SourceDynamicSectionId" DisplayName="sourceDynamicPageId" Type="Text" SourceID="http://schemas.microsoft.com/sharepoint/v3" Group="_Hidden" Indexed="TRUE" Description="" ShowInEditForm="FALSE" AllowDeletion="FALSE" Hidden="TRUE" />
        <Field ID="{D8A77D76-536B-45D2-8B9B-E4E9B00CF3DC}" Name="_Emoji" SourceID="http://schemas.microsoft.com/sharepoint/v3" Required="FALSE" Hidden="TRUE" ShowInFileDlg="FALSE" ShowInNewForm="FALSE" ShowInEditForm="FALSE" DisplaceOnUpgrade="TRUE" StaticName="_Emoji" Type="Text" DisplayName="Emoji" Sortable="FALSE" />
        <Field ID="{ff41708b-e251-4237-a060-bea44657e8dc}" Name="_SPAssetFolderId" StaticName="_SPAssetFolderId" DisplayName="Ressourcenordner-ID" Type="Number" SourceID="http://schemas.microsoft.com/sharepoint/v3" Group="_Hidden" Description="" ReadOnly="TRUE" AllowDeletion="FALSE" Hidden="TRUE" />
        <Field ID="{0F17D094-F613-4D33-8031-7B22650AAD78}" Name="MediaUserMetadata" SourceID="http://schemas.microsoft.com/sharepoint/v3" Required="FALSE" Hidden="TRUE" Group="_Hidden" Sealed="TRUE" UnlimitedLengthInDocumentLibrary="TRUE" ShowInFileDlg="FALSE" ShowInNewForm="FALSE" ShowInEditForm="FALSE" ShowInDisplayForm="FALSE" ShowInViewForms="FALSE" ShowInListSettings="FALSE" DisplaceOnUpgrade="TRUE" StaticName="MediaUserMetadata" Type="Note" DisplayName="Medienbenutzermetadaten" Sortable="FALSE" />
        <Field ID="{DCA4E5A0-0887-4480-8F7B-EFCF76B76413}" Name="MediaGeneratedMetadata" SourceID="http://schemas.microsoft.com/sharepoint/v3" Required="FALSE" Hidden="TRUE" Group="_Hidden" Sealed="TRUE" UnlimitedLengthInDocumentLibrary="TRUE" ShowInFileDlg="FALSE" ShowInNewForm="FALSE" ShowInEditForm="FALSE" ShowInDisplayForm="FALSE" ShowInViewForms="FALSE" ShowInListSettings="FALSE" DisplaceOnUpgrade="TRUE" StaticName="MediaGeneratedMetadata" Type="Note" DisplayName="Mediengenerierte Metadaten" Sortable="FALSE" />
        <Field ID="{577d74a4-b828-4c3c-bfcd-b16d76cdbc0a}" Name="ComplianceTagAppId" SourceID="http://schemas.microsoft.com/sharepoint/v3" Required="FALSE" ShowInFileDlg="FALSE" ShowInNewForm="FALSE" ShowInEditForm="FALSE" Hidden="TRUE" DisplaceOnUpgrade="TRUE" ReadOnly="TRUE" StaticName="ComplianceTagAppId" Type="Text" DisplayName="Von App-ID angewendete Bezeichnung" Sortable="FALSE" />
        <Field ID="{3BDAB9AC-9E5D-44D4-BDE9-13B37E170618}" Name="_ColorHex" SourceID="http://schemas.microsoft.com/sharepoint/v3" Required="FALSE" Hidden="TRUE" ShowInFileDlg="FALSE" ShowInNewForm="FALSE" ShowInEditForm="FALSE" DisplaceOnUpgrade="TRUE" StaticName="_ColorHex" Type="Text" DisplayName="Farbe" Sortable="FALSE" />
        <Field ID="{76D13CD2-1BAE-45A5-8B74-545B87B65037}" Name="_ColorTag" SourceID="http://schemas.microsoft.com/sharepoint/v3" Required="FALSE" ShowInFileDlg="FALSE" ShowInNewForm="FALSE" ShowInEditForm="FALSE" ReadOnly="TRUE" DisplaceOnUpgrade="TRUE" Type="Text" StaticName="_ColorTag" DisplayName="Farbkennzeichnung" Sortable="TRUE" />
        <Field ID="{3A8EE3F8-166B-4394-B3E2-E98DCF86A847}" Name="A2ODMountCount" SourceID="http://schemas.microsoft.com/sharepoint/v3" StaticName="A2ODMountCount" Hidden="TRUE" Group="_Hidden" ReadOnly="TRUE" Type="Lookup" List="Docs" ShowField="A2ODMountCount" DisplayName="A2OD-Bereitstellungsanzahl" FromBaseType="TRUE" DisplaceOnUpgrade="TRUE" FieldRef="ID" JoinColName="DoclibRowId" JoinRowOrdinal="0" JoinType="INNER" />
        <Field ID="{031C92FD-9CB6-4AC8-8F5F-636D28E37079}" Name="_SPAuthoringMetadata" StaticName="_SPAuthoringMetadata" DisplayName="Metadaten werden erstellt" Type="Note" SourceID="http://schemas.microsoft.com/sharepoint/v3" Group="_Hidden" Description="" AllowDeletion="FALSE" ShowInNewForm="FALSE" ShowInEditForm="FALSE" ShowInDisplayForm="FALSE" ShowInViewForms="FALSE" ShowInListSettings="FALSE" ReadOnly="TRUE" Hidden="TRUE" />
      </pnp:SiteFields>
      <pnp:Lists>
        <pnp:ListInstance Title="pssCheckpointsText" Description="" DocumentTemplate="" TemplateType="100" Url="Lists/CheckpointsText" EnableVersioning="true" MinorVersionLimit="0" MaxVersionLimit="50" DraftVersionVisibility="0" TemplateFeatureID="00bfea71-de22-43b2-a848-c05709900100" EnableAttachments="false" EnableFolderCreation="false" NoCrawl="true" DefaultDisplayFormUrl="{site}/Lists/CheckpointsText/DispForm.aspx" DefaultEditFormUrl="{site}/Lists/CheckpointsText/EditForm.aspx" DefaultNewFormUrl="{site}/Lists/CheckpointsText/NewForm.aspx" ImageUrl="/_layouts/15/images/itgen.png?rev=47" IrmExpire="false" IrmReject="false" IsApplicationList="false" ValidationFormula="" ValidationMessage="">
          <pnp:PropertyBagEntries>
            <pnp:PropertyBagEntry Key="wte_Source" Value="https://pobvol.sharepoint.com/sites/psschecklists/Lists/Checkpoints/AllItems.aspx" Overwrite="false" />
          </pnp:PropertyBagEntries>
          <pnp:ContentTypeBindings>
            <pnp:ContentTypeBinding ContentTypeID="0x01" Default="true" />
            <pnp:ContentTypeBinding ContentTypeID="0x0120" />
          </pnp:ContentTypeBindings>
          <pnp:Views>
            <View Name="{DBBADE82-F917-4CA6-9511-DD5389E75BB5}" DefaultView="TRUE" MobileView="TRUE" MobileDefaultView="TRUE" Type="HTML" DisplayName="Alle Elemente" Url="{site}/Lists/CheckpointsText/AllItems.aspx" Level="1" BaseViewID="1" ContentTypeID="0x" ImageUrl="/_layouts/15/images/generic.png?rev=47">
              <Query>
                <OrderBy />
              </Query>
              <ViewFields>
                <FieldRef Name="ID" />
                <FieldRef Name="LinkTitle" />
                <FieldRef Name="Checkpoint" />
                <FieldRef Name="CheckpointText" />
                <FieldRef Name="Description" />
                <FieldRef Name="LanguageTag" />
                <FieldRef Name="Modified" />
                <FieldRef Name="Load" />
              </ViewFields>
              <RowLimit Paged="TRUE">30</RowLimit>
              <JSLink>clienttemplates.js</JSLink>
              <CustomFormatter><![CDATA[]]></CustomFormatter>
              <ColumnWidth>
                <FieldRef Name="Title" width="200" />
                <FieldRef Name="Formular" width="204" />
                <FieldRef Name="Bauteil" width="346" />
                <FieldRef Name="Pos" width="110" />
                <FieldRef Name="SourceId" width="164" />
                <FieldRef Name="FlexForm" width="411" />
                <FieldRef Name="LanguageTag" width="110" />
                <FieldRef Name="ServiceartText" width="289" />
                <FieldRef Name="Serviceart" width="192" />
                <FieldRef Name="Geraetetyp" width="185" />
                <FieldRef Name="ChecklisteText" width="238.77777099609375" />
                <FieldRef Name="Checkliste" width="208.77777099609375" />
                <FieldRef Name="Checkpunkt" width="200.236083984375" />
              </ColumnWidth>
            </View>
          </pnp:Views>
          <pnp:Fields>
            <Field Type="Text" DisplayName="Checkpoint" Required="TRUE" EnforceUniqueValues="FALSE" Indexed="TRUE" MaxLength="32" ID="{2fa3d90e-bbc6-4a87-93cc-56b23e9349c5}" StaticName="Checkpoint" Name="Checkpoint" ColName="nvarchar7" RowOrdinal="0" SourceID="{{listid:pssCheckpointsText}}" CustomFormatter="" Version="3" />
            <Field Type="Text" DisplayName="LanguageTag" Required="TRUE" EnforceUniqueValues="FALSE" Indexed="FALSE" MaxLength="2" ID="{6e6e8200-1e29-4ce4-85fa-163b1b0fbd02}" StaticName="LanguageTag" Name="LanguageTag" ColName="nvarchar9" RowOrdinal="0" SourceID="{{listid:pssCheckpointsText}}" CustomFormatter="" Version="1" />
            <Field Type="Text" DisplayName="CheckpointText" Required="TRUE" EnforceUniqueValues="FALSE" Indexed="FALSE" MaxLength="128" ID="{ebbd2139-1e9f-4648-b67b-76800df05e89}" StaticName="CheckpointText" Name="CheckpointText" ColName="nvarchar8" RowOrdinal="0" SourceID="{{listid:pssCheckpointsText}}" CustomFormatter="" Version="2" />
            <Field Type="Note" DisplayName="Description" Required="FALSE" EnforceUniqueValues="FALSE" Indexed="FALSE" NumLines="6" RichText="FALSE" Sortable="FALSE" ID="{627d19bd-45eb-4102-b814-43cd69e477a4}" StaticName="Description" Name="Description" ColName="ntext4" RowOrdinal="0" SourceID="{{listid:pssCheckpointsText}}" />
            <Field Type="Boolean" DisplayName="Load" EnforceUniqueValues="FALSE" Indexed="FALSE" ID="{ea7e5b18-fea5-4699-bceb-957b5d1437a6}" SourceID="{{listid:pssCheckpointsText}}" StaticName="Load" Name="Load" ColName="bit1" RowOrdinal="0">
              <Default>1</Default>
            </Field>
          </pnp:Fields>
          <pnp:FieldRefs>
            <pnp:FieldRef ID="fa564e0f-0c70-4ab9-b863-0177e6ddd247" Name="Title" Required="true" DisplayName="Title" />
            <pnp:FieldRef ID="76d13cd2-1bae-45a5-8b74-545b87b65037" Name="_ColorTag" DisplayName="Farbkennzeichnung" />
          </pnp:FieldRefs>
          <pnp:DataRows UpdateBehavior="Overwrite">
            <pnp:DataRow>
              <pnp:DataValue FieldName="Title">Test5</pnp:DataValue>
              <pnp:DataValue FieldName="Checkpoint">P01</pnp:DataValue>
              <pnp:DataValue FieldName="LanguageTag">de</pnp:DataValue>
              <pnp:DataValue FieldName="CheckpointText">P01 Name</pnp:DataValue>
              <pnp:DataValue FieldName="Description">P01 Beschreibung</pnp:DataValue>
              <pnp:DataValue FieldName="Load">True</pnp:DataValue>
              <pnp:DataValue FieldName="Order">300</pnp:DataValue>
              <pnp:DataValue FieldName="FileLeafRef">3_.000</pnp:DataValue>
              <pnp:DataValue FieldName="MetaInfo"></pnp:DataValue>
            </pnp:DataRow>
            <pnp:DataRow>
              <pnp:DataValue FieldName="Title">Test5</pnp:DataValue>
              <pnp:DataValue FieldName="Checkpoint">P02</pnp:DataValue>
              <pnp:DataValue FieldName="LanguageTag">de</pnp:DataValue>
              <pnp:DataValue FieldName="CheckpointText">P02 Name</pnp:DataValue>
              <pnp:DataValue FieldName="Description">P02 sfsdfsfsdf
sfd
s
fs
df</pnp:DataValue>
              <pnp:DataValue FieldName="Load">True</pnp:DataValue>
              <pnp:DataValue FieldName="Order">400</pnp:DataValue>
              <pnp:DataValue FieldName="FileLeafRef">4_.000</pnp:DataValue>
              <pnp:DataValue FieldName="MetaInfo"></pnp:DataValue>
            </pnp:DataRow>
            <pnp:DataRow>
              <pnp:DataValue FieldName="Title">Umfrage2</pnp:DataValue>
              <pnp:DataValue FieldName="Checkpoint">Frage2</pnp:DataValue>
              <pnp:DataValue FieldName="LanguageTag">de</pnp:DataValue>
              <pnp:DataValue FieldName="CheckpointText">2. Würden Sie ...?</pnp:DataValue>
              <pnp:DataValue FieldName="Description" />
              <pnp:DataValue FieldName="Load">True</pnp:DataValue>
              <pnp:DataValue FieldName="Order">800</pnp:DataValue>
              <pnp:DataValue FieldName="FileLeafRef">8_.000</pnp:DataValue>
              <pnp:DataValue FieldName="MetaInfo"></pnp:DataValue>
            </pnp:DataRow>
            <pnp:DataRow>
              <pnp:DataValue FieldName="Title">Umfrage2</pnp:DataValue>
              <pnp:DataValue FieldName="Checkpoint">04</pnp:DataValue>
              <pnp:DataValue FieldName="LanguageTag">de</pnp:DataValue>
              <pnp:DataValue FieldName="CheckpointText">1. Was halten Sie von ...?</pnp:DataValue>
              <pnp:DataValue FieldName="Description" />
              <pnp:DataValue FieldName="Load">True</pnp:DataValue>
              <pnp:DataValue FieldName="Order">900</pnp:DataValue>
              <pnp:DataValue FieldName="FileLeafRef">9_.000</pnp:DataValue>
              <pnp:DataValue FieldName="MetaInfo"></pnp:DataValue>
            </pnp:DataRow>
            <pnp:DataRow>
              <pnp:DataValue FieldName="Title">Umfrage2</pnp:DataValue>
              <pnp:DataValue FieldName="Checkpoint">05</pnp:DataValue>
              <pnp:DataValue FieldName="LanguageTag">de</pnp:DataValue>
              <pnp:DataValue FieldName="CheckpointText">4. Frage</pnp:DataValue>
              <pnp:DataValue FieldName="Description" />
              <pnp:DataValue FieldName="Load">True</pnp:DataValue>
              <pnp:DataValue FieldName="Order">1000</pnp:DataValue>
              <pnp:DataValue FieldName="FileLeafRef">10_.000</pnp:DataValue>
              <pnp:DataValue FieldName="MetaInfo"></pnp:DataValue>
            </pnp:DataRow>
            <pnp:DataRow>
              <pnp:DataValue FieldName="Title">Umfrage2</pnp:DataValue>
              <pnp:DataValue FieldName="Checkpoint">Frage3</pnp:DataValue>
              <pnp:DataValue FieldName="LanguageTag">de</pnp:DataValue>
              <pnp:DataValue FieldName="CheckpointText">3. Frage</pnp:DataValue>
              <pnp:DataValue FieldName="Description" />
              <pnp:DataValue FieldName="Load">True</pnp:DataValue>
              <pnp:DataValue FieldName="Order">1100</pnp:DataValue>
              <pnp:DataValue FieldName="FileLeafRef">11_.000</pnp:DataValue>
              <pnp:DataValue FieldName="MetaInfo"></pnp:DataValue>
            </pnp:DataRow>
            <pnp:DataRow>
              <pnp:DataValue FieldName="Title">UVV Industrial truck</pnp:DataValue>
              <pnp:DataValue FieldName="Checkpoint">Lifting gear</pnp:DataValue>
              <pnp:DataValue FieldName="LanguageTag">en</pnp:DataValue>
              <pnp:DataValue FieldName="CheckpointText">Lifting gear
</pnp:DataValue>
              <pnp:DataValue FieldName="Description" />
              <pnp:DataValue FieldName="Load">True</pnp:DataValue>
              <pnp:DataValue FieldName="Order">2700</pnp:DataValue>
              <pnp:DataValue FieldName="FileLeafRef">27_.000</pnp:DataValue>
              <pnp:DataValue FieldName="MetaInfo"></pnp:DataValue>
            </pnp:DataRow>
            <pnp:DataRow>
              <pnp:DataValue FieldName="Title">UVV Industrial truck</pnp:DataValue>
              <pnp:DataValue FieldName="Checkpoint">Chains</pnp:DataValue>
              <pnp:DataValue FieldName="LanguageTag">en</pnp:DataValue>
              <pnp:DataValue FieldName="CheckpointText">Chains
</pnp:DataValue>
              <pnp:DataValue FieldName="Description" />
              <pnp:DataValue FieldName="Load">True</pnp:DataValue>
              <pnp:DataValue FieldName="Order">2800</pnp:DataValue>
              <pnp:DataValue FieldName="FileLeafRef">28_.000</pnp:DataValue>
              <pnp:DataValue FieldName="MetaInfo"></pnp:DataValue>
            </pnp:DataRow>
            <pnp:DataRow>
              <pnp:DataValue FieldName="Title">UVV Industrial truck</pnp:DataValue>
              <pnp:DataValue FieldName="Checkpoint">Driver seat and controls</pnp:DataValue>
              <pnp:DataValue FieldName="LanguageTag">en</pnp:DataValue>
              <pnp:DataValue FieldName="CheckpointText">Driver seat and controls
</pnp:DataValue>
              <pnp:DataValue FieldName="Description" />
              <pnp:DataValue FieldName="Load">True</pnp:DataValue>
              <pnp:DataValue FieldName="Order">2900</pnp:DataValue>
              <pnp:DataValue FieldName="FileLeafRef">29_.000</pnp:DataValue>
              <pnp:DataValue FieldName="MetaInfo"></pnp:DataValue>
            </pnp:DataRow>
            <pnp:DataRow>
              <pnp:DataValue FieldName="Title">UVV Industrial truck</pnp:DataValue>
              <pnp:DataValue FieldName="Checkpoint">Electric equipment</pnp:DataValue>
              <pnp:DataValue FieldName="LanguageTag">en</pnp:DataValue>
              <pnp:DataValue FieldName="CheckpointText">Electric equipment
</pnp:DataValue>
              <pnp:DataValue FieldName="Description" />
              <pnp:DataValue FieldName="Load">True</pnp:DataValue>
              <pnp:DataValue FieldName="Order">3000</pnp:DataValue>
              <pnp:DataValue FieldName="FileLeafRef">30_.000</pnp:DataValue>
              <pnp:DataValue FieldName="MetaInfo"></pnp:DataValue>
            </pnp:DataRow>
            <pnp:DataRow>
              <pnp:DataValue FieldName="Title">UVV Industrial truck</pnp:DataValue>
              <pnp:DataValue FieldName="Checkpoint">Hydraulic system</pnp:DataValue>
              <pnp:DataValue FieldName="LanguageTag">en</pnp:DataValue>
              <pnp:DataValue FieldName="CheckpointText">Hydraulic system
</pnp:DataValue>
              <pnp:DataValue FieldName="Description" />
              <pnp:DataValue FieldName="Load">True</pnp:DataValue>
              <pnp:DataValue FieldName="Order">3100</pnp:DataValue>
              <pnp:DataValue FieldName="FileLeafRef">31_.000</pnp:DataValue>
              <pnp:DataValue FieldName="MetaInfo"></pnp:DataValue>
            </pnp:DataRow>
            <pnp:DataRow>
              <pnp:DataValue FieldName="Title">UVV Industrial truck</pnp:DataValue>
              <pnp:DataValue FieldName="Checkpoint">Frame, safety equipment</pnp:DataValue>
              <pnp:DataValue FieldName="LanguageTag">en</pnp:DataValue>
              <pnp:DataValue FieldName="CheckpointText">Frame, safety equipment
</pnp:DataValue>
              <pnp:DataValue FieldName="Description" />
              <pnp:DataValue FieldName="Load">True</pnp:DataValue>
              <pnp:DataValue FieldName="Order">3200</pnp:DataValue>
              <pnp:DataValue FieldName="FileLeafRef">32_.000</pnp:DataValue>
              <pnp:DataValue FieldName="MetaInfo"></pnp:DataValue>
            </pnp:DataRow>
            <pnp:DataRow>
              <pnp:DataValue FieldName="Title">UVV Industrial truck</pnp:DataValue>
              <pnp:DataValue FieldName="Checkpoint">Tires</pnp:DataValue>
              <pnp:DataValue FieldName="LanguageTag">en</pnp:DataValue>
              <pnp:DataValue FieldName="CheckpointText">Tires
</pnp:DataValue>
              <pnp:DataValue FieldName="Description" />
              <pnp:DataValue FieldName="Load">True</pnp:DataValue>
              <pnp:DataValue FieldName="Order">3300</pnp:DataValue>
              <pnp:DataValue FieldName="FileLeafRef">33_.000</pnp:DataValue>
              <pnp:DataValue FieldName="MetaInfo"></pnp:DataValue>
            </pnp:DataRow>
            <pnp:DataRow>
              <pnp:DataValue FieldName="Title">UVV Industrial truck</pnp:DataValue>
              <pnp:DataValue FieldName="Checkpoint">DGUV V3 charger</pnp:DataValue>
              <pnp:DataValue FieldName="LanguageTag">en</pnp:DataValue>
              <pnp:DataValue FieldName="CheckpointText">DGUV V3 charger
</pnp:DataValue>
              <pnp:DataValue FieldName="Description" />
              <pnp:DataValue FieldName="Load">True</pnp:DataValue>
              <pnp:DataValue FieldName="Order">3400</pnp:DataValue>
              <pnp:DataValue FieldName="FileLeafRef">34_.000</pnp:DataValue>
              <pnp:DataValue FieldName="MetaInfo"></pnp:DataValue>
            </pnp:DataRow>
            <pnp:DataRow>
              <pnp:DataValue FieldName="Title">UVV Industrial truck</pnp:DataValue>
              <pnp:DataValue FieldName="Checkpoint">Gas system</pnp:DataValue>
              <pnp:DataValue FieldName="LanguageTag">en</pnp:DataValue>
              <pnp:DataValue FieldName="CheckpointText">Gas system
</pnp:DataValue>
              <pnp:DataValue FieldName="Description" />
              <pnp:DataValue FieldName="Load">True</pnp:DataValue>
              <pnp:DataValue FieldName="Order">3500</pnp:DataValue>
              <pnp:DataValue FieldName="FileLeafRef">35_.000</pnp:DataValue>
              <pnp:DataValue FieldName="MetaInfo"></pnp:DataValue>
            </pnp:DataRow>
            <pnp:DataRow>
              <pnp:DataValue FieldName="Title">UVV Industrial truck</pnp:DataValue>
              <pnp:DataValue FieldName="Checkpoint">Exhaust gas</pnp:DataValue>
              <pnp:DataValue FieldName="LanguageTag">en</pnp:DataValue>
              <pnp:DataValue FieldName="CheckpointText">Exhaust gas
</pnp:DataValue>
              <pnp:DataValue FieldName="Description" />
              <pnp:DataValue FieldName="Load">True</pnp:DataValue>
              <pnp:DataValue FieldName="Order">3600</pnp:DataValue>
              <pnp:DataValue FieldName="FileLeafRef">36_.000</pnp:DataValue>
              <pnp:DataValue FieldName="MetaInfo"></pnp:DataValue>
            </pnp:DataRow>
            <pnp:DataRow>
              <pnp:DataValue FieldName="Title">UVV Industrial truck</pnp:DataValue>
              <pnp:DataValue FieldName="Checkpoint">Lifting gear</pnp:DataValue>
              <pnp:DataValue FieldName="LanguageTag">de</pnp:DataValue>
              <pnp:DataValue FieldName="CheckpointText">Hubwerk
</pnp:DataValue>
              <pnp:DataValue FieldName="Description" />
              <pnp:DataValue FieldName="Load">True</pnp:DataValue>
              <pnp:DataValue FieldName="Order">3700</pnp:DataValue>
              <pnp:DataValue FieldName="FileLeafRef">37_.000</pnp:DataValue>
              <pnp:DataValue FieldName="MetaInfo"></pnp:DataValue>
            </pnp:DataRow>
            <pnp:DataRow>
              <pnp:DataValue FieldName="Title">UVV Industrial truck</pnp:DataValue>
              <pnp:DataValue FieldName="Checkpoint">Chains</pnp:DataValue>
              <pnp:DataValue FieldName="LanguageTag">de</pnp:DataValue>
              <pnp:DataValue FieldName="CheckpointText">Ketten
</pnp:DataValue>
              <pnp:DataValue FieldName="Description" />
              <pnp:DataValue FieldName="Load">True</pnp:DataValue>
              <pnp:DataValue FieldName="Order">3800</pnp:DataValue>
              <pnp:DataValue FieldName="FileLeafRef">38_.000</pnp:DataValue>
              <pnp:DataValue FieldName="MetaInfo"></pnp:DataValue>
            </pnp:DataRow>
            <pnp:DataRow>
              <pnp:DataValue FieldName="Title">UVV Industrial truck</pnp:DataValue>
              <pnp:DataValue FieldName="Checkpoint">Driver seat and controls</pnp:DataValue>
              <pnp:DataValue FieldName="LanguageTag">de</pnp:DataValue>
              <pnp:DataValue FieldName="CheckpointText">Fahrersitz und Bedienelemente
</pnp:DataValue>
              <pnp:DataValue FieldName="Description" />
              <pnp:DataValue FieldName="Load">True</pnp:DataValue>
              <pnp:DataValue FieldName="Order">3900</pnp:DataValue>
              <pnp:DataValue FieldName="FileLeafRef">39_.000</pnp:DataValue>
              <pnp:DataValue FieldName="MetaInfo"></pnp:DataValue>
            </pnp:DataRow>
            <pnp:DataRow>
              <pnp:DataValue FieldName="Title">UVV Industrial truck</pnp:DataValue>
              <pnp:DataValue FieldName="Checkpoint">Electric equipment</pnp:DataValue>
              <pnp:DataValue FieldName="LanguageTag">de</pnp:DataValue>
              <pnp:DataValue FieldName="CheckpointText">Elektrische Ausrüstung
</pnp:DataValue>
              <pnp:DataValue FieldName="Description" />
              <pnp:DataValue FieldName="Load">True</pnp:DataValue>
              <pnp:DataValue FieldName="Order">4000</pnp:DataValue>
              <pnp:DataValue FieldName="FileLeafRef">40_.000</pnp:DataValue>
              <pnp:DataValue FieldName="MetaInfo"></pnp:DataValue>
            </pnp:DataRow>
            <pnp:DataRow>
              <pnp:DataValue FieldName="Title">UVV Industrial truck</pnp:DataValue>
              <pnp:DataValue FieldName="Checkpoint">Hydraulic system</pnp:DataValue>
              <pnp:DataValue FieldName="LanguageTag">de</pnp:DataValue>
              <pnp:DataValue FieldName="CheckpointText">Hydrauliksystem
</pnp:DataValue>
              <pnp:DataValue FieldName="Description" />
              <pnp:DataValue FieldName="Load">True</pnp:DataValue>
              <pnp:DataValue FieldName="Order">4100</pnp:DataValue>
              <pnp:DataValue FieldName="FileLeafRef">41_.000</pnp:DataValue>
              <pnp:DataValue FieldName="MetaInfo"></pnp:DataValue>
            </pnp:DataRow>
            <pnp:DataRow>
              <pnp:DataValue FieldName="Title">UVV Industrial truck</pnp:DataValue>
              <pnp:DataValue FieldName="Checkpoint">Frame, safety equipment</pnp:DataValue>
              <pnp:DataValue FieldName="LanguageTag">de</pnp:DataValue>
              <pnp:DataValue FieldName="CheckpointText">Rahmen, Sicherheitsausrüstung
</pnp:DataValue>
              <pnp:DataValue FieldName="Description" />
              <pnp:DataValue FieldName="Load">True</pnp:DataValue>
              <pnp:DataValue FieldName="Order">4200</pnp:DataValue>
              <pnp:DataValue FieldName="FileLeafRef">42_.000</pnp:DataValue>
              <pnp:DataValue FieldName="MetaInfo"></pnp:DataValue>
            </pnp:DataRow>
            <pnp:DataRow>
              <pnp:DataValue FieldName="Title">UVV Industrial truck</pnp:DataValue>
              <pnp:DataValue FieldName="Checkpoint">Tires</pnp:DataValue>
              <pnp:DataValue FieldName="LanguageTag">de</pnp:DataValue>
              <pnp:DataValue FieldName="CheckpointText">Bereifung
</pnp:DataValue>
              <pnp:DataValue FieldName="Description" />
              <pnp:DataValue FieldName="Load">True</pnp:DataValue>
              <pnp:DataValue FieldName="Order">4300</pnp:DataValue>
              <pnp:DataValue FieldName="FileLeafRef">43_.000</pnp:DataValue>
              <pnp:DataValue FieldName="MetaInfo"></pnp:DataValue>
            </pnp:DataRow>
            <pnp:DataRow>
              <pnp:DataValue FieldName="Title">UVV Industrial truck</pnp:DataValue>
              <pnp:DataValue FieldName="Checkpoint">DGUV V3 charger</pnp:DataValue>
              <pnp:DataValue FieldName="LanguageTag">de</pnp:DataValue>
              <pnp:DataValue FieldName="CheckpointText">DGUV V3  Ladegerät
</pnp:DataValue>
              <pnp:DataValue FieldName="Description" />
              <pnp:DataValue FieldName="Load">True</pnp:DataValue>
              <pnp:DataValue FieldName="Order">4400</pnp:DataValue>
              <pnp:DataValue FieldName="FileLeafRef">44_.000</pnp:DataValue>
              <pnp:DataValue FieldName="MetaInfo"></pnp:DataValue>
            </pnp:DataRow>
            <pnp:DataRow>
              <pnp:DataValue FieldName="Title">UVV Industrial truck</pnp:DataValue>
              <pnp:DataValue FieldName="Checkpoint">Gas system</pnp:DataValue>
              <pnp:DataValue FieldName="LanguageTag">de</pnp:DataValue>
              <pnp:DataValue FieldName="CheckpointText">Gasanlage
</pnp:DataValue>
              <pnp:DataValue FieldName="Description" />
              <pnp:DataValue FieldName="Load">True</pnp:DataValue>
              <pnp:DataValue FieldName="Order">4500</pnp:DataValue>
              <pnp:DataValue FieldName="FileLeafRef">45_.000</pnp:DataValue>
              <pnp:DataValue FieldName="MetaInfo"></pnp:DataValue>
            </pnp:DataRow>
            <pnp:DataRow>
              <pnp:DataValue FieldName="Title">UVV Industrial truck</pnp:DataValue>
              <pnp:DataValue FieldName="Checkpoint">Exhaust gas</pnp:DataValue>
              <pnp:DataValue FieldName="LanguageTag">de</pnp:DataValue>
              <pnp:DataValue FieldName="CheckpointText">Abgas
</pnp:DataValue>
              <pnp:DataValue FieldName="Description" />
              <pnp:DataValue FieldName="Load">True</pnp:DataValue>
              <pnp:DataValue FieldName="Order">4600</pnp:DataValue>
              <pnp:DataValue FieldName="FileLeafRef">46_.000</pnp:DataValue>
              <pnp:DataValue FieldName="MetaInfo"></pnp:DataValue>
            </pnp:DataRow>
            <pnp:DataRow>
              <pnp:DataValue FieldName="Title">UVV Industrial truck</pnp:DataValue>
              <pnp:DataValue FieldName="Checkpoint">Master Data</pnp:DataValue>
              <pnp:DataValue FieldName="LanguageTag">de</pnp:DataValue>
              <pnp:DataValue FieldName="CheckpointText">Kunde und Gerät</pnp:DataValue>
              <pnp:DataValue FieldName="Description">Kunde und Gerät hinzufügen</pnp:DataValue>
              <pnp:DataValue FieldName="Load">True</pnp:DataValue>
              <pnp:DataValue FieldName="Order">4700</pnp:DataValue>
              <pnp:DataValue FieldName="FileLeafRef">47_.000</pnp:DataValue>
              <pnp:DataValue FieldName="MetaInfo"></pnp:DataValue>
            </pnp:DataRow>
            <pnp:DataRow>
              <pnp:DataValue FieldName="Title">Simple list</pnp:DataValue>
              <pnp:DataValue FieldName="Checkpoint">01</pnp:DataValue>
              <pnp:DataValue FieldName="LanguageTag">de</pnp:DataValue>
              <pnp:DataValue FieldName="CheckpointText">Eintrag 1</pnp:DataValue>
              <pnp:DataValue FieldName="Description" />
              <pnp:DataValue FieldName="Load">True</pnp:DataValue>
              <pnp:DataValue FieldName="Order">5400</pnp:DataValue>
              <pnp:DataValue FieldName="FileLeafRef">54_.000</pnp:DataValue>
              <pnp:DataValue FieldName="MetaInfo"></pnp:DataValue>
            </pnp:DataRow>
            <pnp:DataRow>
              <pnp:DataValue FieldName="Title">Simple list</pnp:DataValue>
              <pnp:DataValue FieldName="Checkpoint">02</pnp:DataValue>
              <pnp:DataValue FieldName="LanguageTag">de</pnp:DataValue>
              <pnp:DataValue FieldName="CheckpointText">Optional: Eintrag 2</pnp:DataValue>
              <pnp:DataValue FieldName="Description" />
              <pnp:DataValue FieldName="Load">True</pnp:DataValue>
              <pnp:DataValue FieldName="Order">5500</pnp:DataValue>
              <pnp:DataValue FieldName="FileLeafRef">55_.000</pnp:DataValue>
              <pnp:DataValue FieldName="MetaInfo"></pnp:DataValue>
            </pnp:DataRow>
            <pnp:DataRow>
              <pnp:DataValue FieldName="Title">Interessent</pnp:DataValue>
              <pnp:DataValue FieldName="Checkpoint">Address</pnp:DataValue>
              <pnp:DataValue FieldName="LanguageTag">de</pnp:DataValue>
              <pnp:DataValue FieldName="CheckpointText">Adresse</pnp:DataValue>
              <pnp:DataValue FieldName="Description" />
              <pnp:DataValue FieldName="Load">True</pnp:DataValue>
              <pnp:DataValue FieldName="Order">5700</pnp:DataValue>
              <pnp:DataValue FieldName="FileLeafRef">57_.000</pnp:DataValue>
              <pnp:DataValue FieldName="MetaInfo"></pnp:DataValue>
            </pnp:DataRow>
            <pnp:DataRow>
              <pnp:DataValue FieldName="Title">Interessent</pnp:DataValue>
              <pnp:DataValue FieldName="Checkpoint">Contact</pnp:DataValue>
              <pnp:DataValue FieldName="LanguageTag">de</pnp:DataValue>
              <pnp:DataValue FieldName="CheckpointText">Ansprechpartner (optional)</pnp:DataValue>
              <pnp:DataValue FieldName="Description" />
              <pnp:DataValue FieldName="Load">True</pnp:DataValue>
              <pnp:DataValue FieldName="Order">5800</pnp:DataValue>
              <pnp:DataValue FieldName="FileLeafRef">58_.000</pnp:DataValue>
              <pnp:DataValue FieldName="MetaInfo"></pnp:DataValue>
            </pnp:DataRow>
            <pnp:DataRow>
              <pnp:DataValue FieldName="Title">Simple list</pnp:DataValue>
              <pnp:DataValue FieldName="Checkpoint">01</pnp:DataValue>
              <pnp:DataValue FieldName="LanguageTag">en</pnp:DataValue>
              <pnp:DataValue FieldName="CheckpointText">1st checkpoint</pnp:DataValue>
              <pnp:DataValue FieldName="Description" />
              <pnp:DataValue FieldName="Load">True</pnp:DataValue>
              <pnp:DataValue FieldName="Order">6200</pnp:DataValue>
              <pnp:DataValue FieldName="FileLeafRef">62_.000</pnp:DataValue>
              <pnp:DataValue FieldName="MetaInfo"></pnp:DataValue>
            </pnp:DataRow>
            <pnp:DataRow>
              <pnp:DataValue FieldName="Title">Simple list</pnp:DataValue>
              <pnp:DataValue FieldName="Checkpoint">02</pnp:DataValue>
              <pnp:DataValue FieldName="LanguageTag">en</pnp:DataValue>
              <pnp:DataValue FieldName="CheckpointText">2nd checkpoint</pnp:DataValue>
              <pnp:DataValue FieldName="Description" />
              <pnp:DataValue FieldName="Load">True</pnp:DataValue>
              <pnp:DataValue FieldName="Order">6300</pnp:DataValue>
              <pnp:DataValue FieldName="FileLeafRef">63_.000</pnp:DataValue>
              <pnp:DataValue FieldName="MetaInfo"></pnp:DataValue>
            </pnp:DataRow>
            <pnp:DataRow>
              <pnp:DataValue FieldName="Title">Interessent</pnp:DataValue>
              <pnp:DataValue FieldName="Checkpoint">Address</pnp:DataValue>
              <pnp:DataValue FieldName="LanguageTag">en</pnp:DataValue>
              <pnp:DataValue FieldName="CheckpointText">Address</pnp:DataValue>
              <pnp:DataValue FieldName="Description" />
              <pnp:DataValue FieldName="Load">True</pnp:DataValue>
              <pnp:DataValue FieldName="Order">6400</pnp:DataValue>
              <pnp:DataValue FieldName="FileLeafRef">64_.000</pnp:DataValue>
              <pnp:DataValue FieldName="MetaInfo"></pnp:DataValue>
            </pnp:DataRow>
            <pnp:DataRow>
              <pnp:DataValue FieldName="Title">Interessent</pnp:DataValue>
              <pnp:DataValue FieldName="Checkpoint">Contact</pnp:DataValue>
              <pnp:DataValue FieldName="LanguageTag">en</pnp:DataValue>
              <pnp:DataValue FieldName="CheckpointText">Contact</pnp:DataValue>
              <pnp:DataValue FieldName="Description" />
              <pnp:DataValue FieldName="Load">True</pnp:DataValue>
              <pnp:DataValue FieldName="Order">6500</pnp:DataValue>
              <pnp:DataValue FieldName="FileLeafRef">65_.000</pnp:DataValue>
              <pnp:DataValue FieldName="MetaInfo"></pnp:DataValue>
            </pnp:DataRow>
            <pnp:DataRow>
              <pnp:DataValue FieldName="Title">UVV Industrial truck</pnp:DataValue>
              <pnp:DataValue FieldName="Checkpoint">Master Data</pnp:DataValue>
              <pnp:DataValue FieldName="LanguageTag">en</pnp:DataValue>
              <pnp:DataValue FieldName="CheckpointText">Master Data</pnp:DataValue>
              <pnp:DataValue FieldName="Description" />
              <pnp:DataValue FieldName="Load">True</pnp:DataValue>
              <pnp:DataValue FieldName="Order">6600</pnp:DataValue>
              <pnp:DataValue FieldName="FileLeafRef">66_.000</pnp:DataValue>
              <pnp:DataValue FieldName="MetaInfo"></pnp:DataValue>
            </pnp:DataRow>
            <pnp:DataRow>
              <pnp:DataValue FieldName="Title">New Price</pnp:DataValue>
              <pnp:DataValue FieldName="Checkpoint">01</pnp:DataValue>
              <pnp:DataValue FieldName="LanguageTag">de</pnp:DataValue>
              <pnp:DataValue FieldName="CheckpointText">Neuer Preis</pnp:DataValue>
              <pnp:DataValue FieldName="Description" />
              <pnp:DataValue FieldName="Load">True</pnp:DataValue>
              <pnp:DataValue FieldName="Order">6800</pnp:DataValue>
              <pnp:DataValue FieldName="FileLeafRef">68_.000</pnp:DataValue>
              <pnp:DataValue FieldName="MetaInfo"></pnp:DataValue>
            </pnp:DataRow>
            <pnp:DataRow>
              <pnp:DataValue FieldName="Title">New Price</pnp:DataValue>
              <pnp:DataValue FieldName="Checkpoint">01</pnp:DataValue>
              <pnp:DataValue FieldName="LanguageTag">en</pnp:DataValue>
              <pnp:DataValue FieldName="CheckpointText">New price valid from?</pnp:DataValue>
              <pnp:DataValue FieldName="Description" />
              <pnp:DataValue FieldName="Load">True</pnp:DataValue>
              <pnp:DataValue FieldName="Order">6900</pnp:DataValue>
              <pnp:DataValue FieldName="FileLeafRef">69_.000</pnp:DataValue>
              <pnp:DataValue FieldName="MetaInfo"></pnp:DataValue>
            </pnp:DataRow>
            <pnp:DataRow>
              <pnp:DataValue FieldName="Title">Blood pressure</pnp:DataValue>
              <pnp:DataValue FieldName="Checkpoint">01</pnp:DataValue>
              <pnp:DataValue FieldName="LanguageTag">de</pnp:DataValue>
              <pnp:DataValue FieldName="CheckpointText">Blutdruck messen</pnp:DataValue>
              <pnp:DataValue FieldName="Description">Wie wird der Blutdruck gemessen?
Nicht nur in der Arztpraxis, sondern in praktisch jeder Apotheke gibt es die Möglichkeit, seinen Blutdruck messen zu lassen. Gemessen wird meist durch medizinische Fachangestellte am Oberarm, seltener auch am Handgelenk. Es sollte immer am gleichen Arm gemessen werden, um die Vergleichbarkeit zu gewährleisten.

Im Anschluss an körperliche Anstrengung oder Aufregung wird nicht gemessen, da beide den Blutdruck vorübergehend nach oben treiben. Eine mindestens dreiminütige Ruhephase gewährleistet eine korrekte Messung. Wer seinen Blutdruck genauer im Auge behalten will, kann mit einem handlichen Blutdruckmessgerät auch zu Hause kontrollieren.</pnp:DataValue>
              <pnp:DataValue FieldName="Load">True</pnp:DataValue>
              <pnp:DataValue FieldName="Order">7500</pnp:DataValue>
              <pnp:DataValue FieldName="FileLeafRef">75_.000</pnp:DataValue>
              <pnp:DataValue FieldName="MetaInfo"></pnp:DataValue>
            </pnp:DataRow>
            <pnp:DataRow>
              <pnp:DataValue FieldName="Title">Interessent</pnp:DataValue>
              <pnp:DataValue FieldName="Checkpoint">03 Kommunikation</pnp:DataValue>
              <pnp:DataValue FieldName="LanguageTag">de</pnp:DataValue>
              <pnp:DataValue FieldName="CheckpointText">Kommunikation (optional)</pnp:DataValue>
              <pnp:DataValue FieldName="Description" />
              <pnp:DataValue FieldName="Load">True</pnp:DataValue>
              <pnp:DataValue FieldName="Order">7600</pnp:DataValue>
              <pnp:DataValue FieldName="FileLeafRef">76_.000</pnp:DataValue>
              <pnp:DataValue FieldName="MetaInfo"></pnp:DataValue>
            </pnp:DataRow>
            <pnp:DataRow>
              <pnp:DataValue FieldName="Title">Interessent</pnp:DataValue>
              <pnp:DataValue FieldName="Checkpoint">Firma</pnp:DataValue>
              <pnp:DataValue FieldName="LanguageTag">de</pnp:DataValue>
              <pnp:DataValue FieldName="CheckpointText">Firma</pnp:DataValue>
              <pnp:DataValue FieldName="Description" />
              <pnp:DataValue FieldName="Load">True</pnp:DataValue>
              <pnp:DataValue FieldName="Order">7700</pnp:DataValue>
              <pnp:DataValue FieldName="FileLeafRef">77_.000</pnp:DataValue>
              <pnp:DataValue FieldName="MetaInfo"></pnp:DataValue>
            </pnp:DataRow>
            <pnp:DataRow>
              <pnp:DataValue FieldName="Title">Interessent</pnp:DataValue>
              <pnp:DataValue FieldName="Checkpoint">Firma</pnp:DataValue>
              <pnp:DataValue FieldName="LanguageTag">en</pnp:DataValue>
              <pnp:DataValue FieldName="CheckpointText">Company name</pnp:DataValue>
              <pnp:DataValue FieldName="Description" />
              <pnp:DataValue FieldName="Load">True</pnp:DataValue>
              <pnp:DataValue FieldName="Order">7800</pnp:DataValue>
              <pnp:DataValue FieldName="FileLeafRef">78_.000</pnp:DataValue>
              <pnp:DataValue FieldName="MetaInfo"></pnp:DataValue>
            </pnp:DataRow>
            <pnp:DataRow>
              <pnp:DataValue FieldName="Title">Interessent</pnp:DataValue>
              <pnp:DataValue FieldName="Checkpoint">03 Kommunikation</pnp:DataValue>
              <pnp:DataValue FieldName="LanguageTag">en</pnp:DataValue>
              <pnp:DataValue FieldName="CheckpointText">Communication</pnp:DataValue>
              <pnp:DataValue FieldName="Description" />
              <pnp:DataValue FieldName="Load">True</pnp:DataValue>
              <pnp:DataValue FieldName="Order">7900</pnp:DataValue>
              <pnp:DataValue FieldName="FileLeafRef">79_.000</pnp:DataValue>
              <pnp:DataValue FieldName="MetaInfo"></pnp:DataValue>
            </pnp:DataRow>
            <pnp:DataRow>
              <pnp:DataValue FieldName="Title">Blood pressure</pnp:DataValue>
              <pnp:DataValue FieldName="Checkpoint">01</pnp:DataValue>
              <pnp:DataValue FieldName="LanguageTag">en</pnp:DataValue>
              <pnp:DataValue FieldName="CheckpointText">Results</pnp:DataValue>
              <pnp:DataValue FieldName="Description" />
              <pnp:DataValue FieldName="Load">True</pnp:DataValue>
              <pnp:DataValue FieldName="Order">8000</pnp:DataValue>
              <pnp:DataValue FieldName="FileLeafRef">80_.000</pnp:DataValue>
              <pnp:DataValue FieldName="MetaInfo"></pnp:DataValue>
            </pnp:DataRow>
          </pnp:DataRows>
        </pnp:ListInstance>
      </pnp:Lists>
    </pnp:ProvisioningTemplate>
  </pnp:Templates>
</pnp:Provisioning>