<?xml version="1.0" encoding="utf-8"?>
<pnp:Provisioning xmlns:pnp="http://schemas.dev.office.com/PnP/2022/09/ProvisioningSchema">
  <pnp:Preferences Generator="PnP.Framework, Version=1.18.0.0, Culture=neutral, PublicKeyToken=0d501f89f11b748c" />
  <pnp:Templates ID="CONTAINER-TEMPLATE-C3AA791150394E13A247785E87A39FF8">
    <pnp:ProvisioningTemplate ID="TEMPLATE-C3AA791150394E13A247785E87A39FF8" Version="1" BaseSiteTemplate="GROUP#0" Scope="RootSite">
      <pnp:SiteFields>
        <Field ID="{9889a80f-c9ec-41d8-a359-ac5fb5c4cfa2}" Name="_SPCallToAction" StaticName="_SPCallToAction" DisplayName="Handlungsaufruf" Type="Note" SourceID="http://schemas.microsoft.com/sharepoint/v3" Group="_Hidden" Description="" AllowDeletion="FALSE" ShowInNewForm="FALSE" ShowInEditForm="FALSE" ShowInDisplayForm="FALSE" ShowInViewForms="FALSE" ShowInListSettings="FALSE" />
        <Field ID="{86EBE41F-255F-4170-B040-9977528A8BF5}" Name="_SPCollaborators" StaticName="_SPCollaborators" DisplayName="Mitarbeiter" Type="Note" SourceID="http://schemas.microsoft.com/sharepoint/v3" Group="_Hidden" Description="" AllowDeletion="FALSE" ShowInNewForm="FALSE" ShowInEditForm="FALSE" ShowInDisplayForm="FALSE" ShowInViewForms="FALSE" ShowInListSettings="FALSE" ReadOnly="TRUE" Hidden="TRUE" />
        <Field ID="{cb19284a-cde7-4570-a980-1dab8bd74470}" Name="_ExtendedDescription" SourceID="http://schemas.microsoft.com/sharepoint/v3" StaticName="_ExtendedDescription" DisplayName="Beschreibung" Group="Erweiterte Spalten" RichText="TRUE" ShowInEditForm="FALSE" RichTextMode="Compatible" CanToggleHidden="TRUE" Type="Note" />
        <Field ID="{AC9CE95B-F081-4B8A-BB19-2F4427D44674}" Name="_ExpirationDate" SourceID="http://schemas.microsoft.com/sharepoint/v3" StaticName="_ExpirationDate" Hidden="TRUE" Group="_Hidden" ReadOnly="TRUE" Type="Lookup" List="Docs" ShowField="ExpirationDate" DisplayName="Ablaufdatum" FromBaseType="TRUE" DisplaceOnUpgrade="TRUE" FieldRef="ID" JoinColName="DoclibRowId" JoinRowOrdinal="0" JoinType="INNER" />
        <Field ID="{08D89A66-4634-42B8-9D5A-0C27395A48B3}" Name="TriggerFlowInfo" SourceID="http://schemas.microsoft.com/sharepoint/v3" Required="FALSE" ShowInFileDlg="FALSE" Hidden="TRUE" ShowInNewForm="FALSE" ShowInEditForm="FALSE" ReadOnlyEnforced="FALSE" ReadOnly="TRUE" DisplaceOnUpgrade="TRUE" StaticName="TriggerFlowInfo" Type="Text" DisplayName="Flow-Info auslösen" Sortable="FALSE" />
        <Field ID="{4C321A6D-2A91-428B-8296-59408B35901A}" Name="_SourceDynamicSectionId" StaticName="_SourceDynamicSectionId" DisplayName="sourceDynamicPageId" Type="Text" SourceID="http://schemas.microsoft.com/sharepoint/v3" Group="_Hidden" Indexed="TRUE" Description="" ShowInEditForm="FALSE" AllowDeletion="FALSE" Hidden="TRUE" />
        <Field ID="{D8A77D76-536B-45D2-8B9B-E4E9B00CF3DC}" Name="_Emoji" SourceID="http://schemas.microsoft.com/sharepoint/v3" Required="FALSE" Hidden="TRUE" ShowInFileDlg="FALSE" ShowInNewForm="FALSE" ShowInEditForm="FALSE" DisplaceOnUpgrade="TRUE" StaticName="_Emoji" Type="Text" DisplayName="Emoji" Sortable="FALSE" />
        <Field ID="{ff41708b-e251-4237-a060-bea44657e8dc}" Name="_SPAssetFolderId" StaticName="_SPAssetFolderId" DisplayName="Ressourcenordner-ID" Type="Number" SourceID="http://schemas.microsoft.com/sharepoint/v3" Group="_Hidden" Description="" ReadOnly="TRUE" AllowDeletion="FALSE" Hidden="TRUE" />
        <Field ID="{0F17D094-F613-4D33-8031-7B22650AAD78}" Name="MediaUserMetadata" SourceID="http://schemas.microsoft.com/sharepoint/v3" Required="FALSE" Hidden="TRUE" Group="_Hidden" Sealed="TRUE" UnlimitedLengthInDocumentLibrary="TRUE" ShowInFileDlg="FALSE" ShowInNewForm="FALSE" ShowInEditForm="FALSE" ShowInDisplayForm="FALSE" ShowInViewForms="FALSE" ShowInListSettings="FALSE" DisplaceOnUpgrade="TRUE" StaticName="MediaUserMetadata" Type="Note" DisplayName="Medienbenutzermetadaten" Sortable="FALSE" />
        <Field ID="{DCA4E5A0-0887-4480-8F7B-EFCF76B76413}" Name="MediaGeneratedMetadata" SourceID="http://schemas.microsoft.com/sharepoint/v3" Required="FALSE" Hidden="TRUE" Group="_Hidden" Sealed="TRUE" UnlimitedLengthInDocumentLibrary="TRUE" ShowInFileDlg="FALSE" ShowInNewForm="FALSE" ShowInEditForm="FALSE" ShowInDisplayForm="FALSE" ShowInViewForms="FALSE" ShowInListSettings="FALSE" DisplaceOnUpgrade="TRUE" StaticName="MediaGeneratedMetadata" Type="Note" DisplayName="Mediengenerierte Metadaten" Sortable="FALSE" />
        <Field ID="{577d74a4-b828-4c3c-bfcd-b16d76cdbc0a}" Name="ComplianceTagAppId" SourceID="http://schemas.microsoft.com/sharepoint/v3" Required="FALSE" ShowInFileDlg="FALSE" ShowInNewForm="FALSE" ShowInEditForm="FALSE" Hidden="TRUE" DisplaceOnUpgrade="TRUE" ReadOnly="TRUE" StaticName="ComplianceTagAppId" Type="Text" DisplayName="Von App-ID angewendete Bezeichnung" Sortable="FALSE" />
        <Field ID="{3BDAB9AC-9E5D-44D4-BDE9-13B37E170618}" Name="_ColorHex" SourceID="http://schemas.microsoft.com/sharepoint/v3" Required="FALSE" Hidden="TRUE" ShowInFileDlg="FALSE" ShowInNewForm="FALSE" ShowInEditForm="FALSE" DisplaceOnUpgrade="TRUE" StaticName="_ColorHex" Type="Text" DisplayName="Farbe" Sortable="FALSE" />
        <Field ID="{76D13CD2-1BAE-45A5-8B74-545B87B65037}" Name="_ColorTag" SourceID="http://schemas.microsoft.com/sharepoint/v3" Required="FALSE" ShowInFileDlg="FALSE" ShowInNewForm="FALSE" ShowInEditForm="FALSE" ReadOnly="TRUE" DisplaceOnUpgrade="TRUE" Type="Text" StaticName="_ColorTag" DisplayName="Farbkennzeichnung" Sortable="TRUE" />
        <Field ID="{3A8EE3F8-166B-4394-B3E2-E98DCF86A847}" Name="A2ODMountCount" SourceID="http://schemas.microsoft.com/sharepoint/v3" StaticName="A2ODMountCount" Hidden="TRUE" Group="_Hidden" ReadOnly="TRUE" Type="Lookup" List="Docs" ShowField="A2ODMountCount" DisplayName="A2OD-Bereitstellungsanzahl" FromBaseType="TRUE" DisplaceOnUpgrade="TRUE" FieldRef="ID" JoinColName="DoclibRowId" JoinRowOrdinal="0" JoinType="INNER" />
        <Field ID="{031C92FD-9CB6-4AC8-8F5F-636D28E37079}" Name="_SPAuthoringMetadata" StaticName="_SPAuthoringMetadata" DisplayName="Metadaten werden erstellt" Type="Note" SourceID="http://schemas.microsoft.com/sharepoint/v3" Group="_Hidden" Description="" AllowDeletion="FALSE" ShowInNewForm="FALSE" ShowInEditForm="FALSE" ShowInDisplayForm="FALSE" ShowInViewForms="FALSE" ShowInListSettings="FALSE" ReadOnly="TRUE" Hidden="TRUE" />
      </pnp:SiteFields>
      <pnp:Lists>
        <pnp:ListInstance Title="pssFlexFields" Description="" DocumentTemplate="" TemplateType="100" Url="Lists/pssFlexFields" EnableVersioning="true" MinorVersionLimit="0" MaxVersionLimit="50" DraftVersionVisibility="0" TemplateFeatureID="00bfea71-de22-43b2-a848-c05709900100" EnableAttachments="false" EnableFolderCreation="false" NoCrawl="true" DefaultDisplayFormUrl="{site}/Lists/pssFlexFields/DispForm.aspx" DefaultEditFormUrl="{site}/Lists/pssFlexFields/EditForm.aspx" DefaultNewFormUrl="{site}/Lists/pssFlexFields/NewForm.aspx" ImageUrl="/_layouts/15/images/itgen.png?rev=47" IrmExpire="false" IrmReject="false" IsApplicationList="false" ValidationFormula="" ValidationMessage="">
          <pnp:PropertyBagEntries>
            <pnp:PropertyBagEntry Key="wte_Source" Value="https://pobvol.sharepoint.com/sites/psschecklists/Lists/Checklists/AllItems.aspx" Overwrite="false" />
          </pnp:PropertyBagEntries>
          <pnp:ContentTypeBindings>
            <pnp:ContentTypeBinding ContentTypeID="0x01" Default="true" />
            <pnp:ContentTypeBinding ContentTypeID="0x0120" />
          </pnp:ContentTypeBindings>
          <pnp:Views>
            <View Name="{74745A33-B5C3-4322-B5F7-2A41447D54F2}" DefaultView="TRUE" MobileView="TRUE" MobileDefaultView="TRUE" Type="HTML" DisplayName="Alle Elemente" Url="{site}/Lists/pssFlexFields/AllItems.aspx" Level="1" BaseViewID="1" ContentTypeID="0x" ImageUrl="/_layouts/15/images/generic.png?rev=47">
              <Query>
                <OrderBy />
              </Query>
              <ViewFields>
                <FieldRef Name="ID" />
                <FieldRef Name="LinkTitle" />
                <FieldRef Name="Modified" />
                <FieldRef Name="Load" />
                <FieldRef Name="ResponseType" />
                <FieldRef Name="Choices" />
              </ViewFields>
              <RowLimit Paged="TRUE">30</RowLimit>
              <JSLink>clienttemplates.js</JSLink>
              <CustomFormatter><![CDATA[]]></CustomFormatter>
              <ColumnWidth>
                <FieldRef Name="Title" width="180" />
                <FieldRef Name="Formular" width="204" />
                <FieldRef Name="Bauteil" width="346" />
                <FieldRef Name="Pos" width="90" />
                <FieldRef Name="SourceId" width="164" />
                <FieldRef Name="FlexForm" width="411" />
                <FieldRef Name="LanguageTag" width="188" />
                <FieldRef Name="ServiceartText" width="289" />
                <FieldRef Name="Serviceart" width="192" />
                <FieldRef Name="Geraetetyp" width="185" />
                <FieldRef Name="ChecklisteText" width="238.77777099609375" />
                <FieldRef Name="Checkliste" width="208.77777099609375" />
                <FieldRef Name="Checkpunkt" width="200.236083984375" />
              </ColumnWidth>
            </View>
          </pnp:Views>
          <pnp:Fields>
            <Field Type="Boolean" DisplayName="Load" EnforceUniqueValues="FALSE" Indexed="FALSE" ID="{51190690-1c6c-45c5-8e47-dddf539cea5d}" StaticName="Load" Name="Load" ColName="bit1" RowOrdinal="0" SourceID="{{listid:pssFlexFields}}">
              <Default>1</Default>
            </Field>
            <Field Type="Text" DisplayName="ResponseType" Required="FALSE" EnforceUniqueValues="FALSE" Indexed="FALSE" MaxLength="16" ID="{4a56815c-a63b-4e64-8f9b-fbf8e383dca6}" SourceID="{{listid:pssFlexFields}}" StaticName="ResponseType" Name="ResponseType" ColName="nvarchar7" RowOrdinal="0" />
            <Field Type="Text" DisplayName="Choices" Required="FALSE" EnforceUniqueValues="FALSE" Indexed="FALSE" MaxLength="255" ID="{a16cb604-ae89-41df-8f53-3a26c49dfd24}" SourceID="{{listid:pssFlexFields}}" StaticName="Choices" Name="Choices" ColName="nvarchar8" RowOrdinal="0" />
          </pnp:Fields>
          <pnp:FieldRefs>
            <pnp:FieldRef ID="fa564e0f-0c70-4ab9-b863-0177e6ddd247" Name="Title" Required="true" DisplayName="Title" />
            <pnp:FieldRef ID="76d13cd2-1bae-45a5-8b74-545b87b65037" Name="_ColorTag" DisplayName="Farbkennzeichnung" />
          </pnp:FieldRefs>
          <pnp:DataRows UpdateBehavior="Overwrite">
            <pnp:DataRow>
              <pnp:DataValue FieldName="Title">Tire tread front left</pnp:DataValue>
              <pnp:DataValue FieldName="Load">True</pnp:DataValue>
              <pnp:DataValue FieldName="ResponseType">Number</pnp:DataValue>
              <pnp:DataValue FieldName="Choices" />
              <pnp:DataValue FieldName="Order">900</pnp:DataValue>
              <pnp:DataValue FieldName="FileLeafRef">9_.000</pnp:DataValue>
              <pnp:DataValue FieldName="MetaInfo"></pnp:DataValue>
            </pnp:DataRow>
            <pnp:DataRow>
              <pnp:DataValue FieldName="Title">Tire tread front right</pnp:DataValue>
              <pnp:DataValue FieldName="Load">True</pnp:DataValue>
              <pnp:DataValue FieldName="ResponseType">Number</pnp:DataValue>
              <pnp:DataValue FieldName="Choices" />
              <pnp:DataValue FieldName="Order">1000</pnp:DataValue>
              <pnp:DataValue FieldName="FileLeafRef">10_.000</pnp:DataValue>
              <pnp:DataValue FieldName="MetaInfo"></pnp:DataValue>
            </pnp:DataRow>
            <pnp:DataRow>
              <pnp:DataValue FieldName="Title">Tire tread rear left</pnp:DataValue>
              <pnp:DataValue FieldName="Load">True</pnp:DataValue>
              <pnp:DataValue FieldName="ResponseType">Number</pnp:DataValue>
              <pnp:DataValue FieldName="Choices" />
              <pnp:DataValue FieldName="Order">1100</pnp:DataValue>
              <pnp:DataValue FieldName="FileLeafRef">11_.000</pnp:DataValue>
              <pnp:DataValue FieldName="MetaInfo"></pnp:DataValue>
            </pnp:DataRow>
            <pnp:DataRow>
              <pnp:DataValue FieldName="Title">Tire tread rear right</pnp:DataValue>
              <pnp:DataValue FieldName="Load">True</pnp:DataValue>
              <pnp:DataValue FieldName="ResponseType">Number</pnp:DataValue>
              <pnp:DataValue FieldName="Choices" />
              <pnp:DataValue FieldName="Order">1200</pnp:DataValue>
              <pnp:DataValue FieldName="FileLeafRef">12_.000</pnp:DataValue>
              <pnp:DataValue FieldName="MetaInfo"></pnp:DataValue>
            </pnp:DataRow>
            <pnp:DataRow>
              <pnp:DataValue FieldName="Title">SL Resistor</pnp:DataValue>
              <pnp:DataValue FieldName="Load">True</pnp:DataValue>
              <pnp:DataValue FieldName="ResponseType">Number</pnp:DataValue>
              <pnp:DataValue FieldName="Choices" />
              <pnp:DataValue FieldName="Order">1300</pnp:DataValue>
              <pnp:DataValue FieldName="FileLeafRef">13_.000</pnp:DataValue>
              <pnp:DataValue FieldName="MetaInfo"></pnp:DataValue>
            </pnp:DataRow>
            <pnp:DataRow>
              <pnp:DataValue FieldName="Title">ISO Resistance</pnp:DataValue>
              <pnp:DataValue FieldName="Load">True</pnp:DataValue>
              <pnp:DataValue FieldName="ResponseType">Number</pnp:DataValue>
              <pnp:DataValue FieldName="Choices" />
              <pnp:DataValue FieldName="Order">1400</pnp:DataValue>
              <pnp:DataValue FieldName="FileLeafRef">14_.000</pnp:DataValue>
              <pnp:DataValue FieldName="MetaInfo"></pnp:DataValue>
            </pnp:DataRow>
            <pnp:DataRow>
              <pnp:DataValue FieldName="Title">Earth leakage current</pnp:DataValue>
              <pnp:DataValue FieldName="Load">True</pnp:DataValue>
              <pnp:DataValue FieldName="ResponseType">Number</pnp:DataValue>
              <pnp:DataValue FieldName="Choices" />
              <pnp:DataValue FieldName="Order">1500</pnp:DataValue>
              <pnp:DataValue FieldName="FileLeafRef">15_.000</pnp:DataValue>
              <pnp:DataValue FieldName="MetaInfo"></pnp:DataValue>
            </pnp:DataRow>
            <pnp:DataRow>
              <pnp:DataValue FieldName="Title">Housing leakage current</pnp:DataValue>
              <pnp:DataValue FieldName="Load">True</pnp:DataValue>
              <pnp:DataValue FieldName="ResponseType">Number</pnp:DataValue>
              <pnp:DataValue FieldName="Choices" />
              <pnp:DataValue FieldName="Order">1600</pnp:DataValue>
              <pnp:DataValue FieldName="FileLeafRef">16_.000</pnp:DataValue>
              <pnp:DataValue FieldName="MetaInfo"></pnp:DataValue>
            </pnp:DataRow>
            <pnp:DataRow>
              <pnp:DataValue FieldName="Title">Replacement housing leakage curr</pnp:DataValue>
              <pnp:DataValue FieldName="Load">True</pnp:DataValue>
              <pnp:DataValue FieldName="ResponseType">Number</pnp:DataValue>
              <pnp:DataValue FieldName="Choices" />
              <pnp:DataValue FieldName="Order">1700</pnp:DataValue>
              <pnp:DataValue FieldName="FileLeafRef">17_.000</pnp:DataValue>
              <pnp:DataValue FieldName="MetaInfo"></pnp:DataValue>
            </pnp:DataRow>
            <pnp:DataRow>
              <pnp:DataValue FieldName="Title">Customer number</pnp:DataValue>
              <pnp:DataValue FieldName="Load">True</pnp:DataValue>
              <pnp:DataValue FieldName="ResponseType">Text</pnp:DataValue>
              <pnp:DataValue FieldName="Choices" />
              <pnp:DataValue FieldName="Order">1800</pnp:DataValue>
              <pnp:DataValue FieldName="FileLeafRef">18_.000</pnp:DataValue>
              <pnp:DataValue FieldName="MetaInfo"></pnp:DataValue>
            </pnp:DataRow>
            <pnp:DataRow>
              <pnp:DataValue FieldName="Title">Customer name</pnp:DataValue>
              <pnp:DataValue FieldName="Load">True</pnp:DataValue>
              <pnp:DataValue FieldName="ResponseType">Text</pnp:DataValue>
              <pnp:DataValue FieldName="Choices" />
              <pnp:DataValue FieldName="Order">1900</pnp:DataValue>
              <pnp:DataValue FieldName="FileLeafRef">19_.000</pnp:DataValue>
              <pnp:DataValue FieldName="MetaInfo"></pnp:DataValue>
            </pnp:DataRow>
            <pnp:DataRow>
              <pnp:DataValue FieldName="Title">Device</pnp:DataValue>
              <pnp:DataValue FieldName="Load">True</pnp:DataValue>
              <pnp:DataValue FieldName="ResponseType">Text</pnp:DataValue>
              <pnp:DataValue FieldName="Choices" />
              <pnp:DataValue FieldName="Order">2000</pnp:DataValue>
              <pnp:DataValue FieldName="FileLeafRef">20_.000</pnp:DataValue>
              <pnp:DataValue FieldName="MetaInfo"></pnp:DataValue>
            </pnp:DataRow>
            <pnp:DataRow>
              <pnp:DataValue FieldName="Title">Serial number</pnp:DataValue>
              <pnp:DataValue FieldName="Load">True</pnp:DataValue>
              <pnp:DataValue FieldName="ResponseType">Text</pnp:DataValue>
              <pnp:DataValue FieldName="Choices" />
              <pnp:DataValue FieldName="Order">2100</pnp:DataValue>
              <pnp:DataValue FieldName="FileLeafRef">21_.000</pnp:DataValue>
              <pnp:DataValue FieldName="MetaInfo"></pnp:DataValue>
            </pnp:DataRow>
            <pnp:DataRow>
              <pnp:DataValue FieldName="Title">Location</pnp:DataValue>
              <pnp:DataValue FieldName="Load">True</pnp:DataValue>
              <pnp:DataValue FieldName="ResponseType">Text</pnp:DataValue>
              <pnp:DataValue FieldName="Choices" />
              <pnp:DataValue FieldName="Order">2200</pnp:DataValue>
              <pnp:DataValue FieldName="FileLeafRef">22_.000</pnp:DataValue>
              <pnp:DataValue FieldName="MetaInfo"></pnp:DataValue>
            </pnp:DataRow>
            <pnp:DataRow>
              <pnp:DataValue FieldName="Title">Grund für die Anschaffung</pnp:DataValue>
              <pnp:DataValue FieldName="Load">True</pnp:DataValue>
              <pnp:DataValue FieldName="ResponseType">Text</pnp:DataValue>
              <pnp:DataValue FieldName="Choices" />
              <pnp:DataValue FieldName="Order">2300</pnp:DataValue>
              <pnp:DataValue FieldName="FileLeafRef">23_.000</pnp:DataValue>
              <pnp:DataValue FieldName="MetaInfo"></pnp:DataValue>
            </pnp:DataRow>
            <pnp:DataRow>
              <pnp:DataValue FieldName="Title">benötigte Menge</pnp:DataValue>
              <pnp:DataValue FieldName="Load">True</pnp:DataValue>
              <pnp:DataValue FieldName="ResponseType">Number</pnp:DataValue>
              <pnp:DataValue FieldName="Choices" />
              <pnp:DataValue FieldName="Order">2400</pnp:DataValue>
              <pnp:DataValue FieldName="FileLeafRef">24_.000</pnp:DataValue>
              <pnp:DataValue FieldName="MetaInfo"></pnp:DataValue>
            </pnp:DataRow>
            <pnp:DataRow>
              <pnp:DataValue FieldName="Title">Währung</pnp:DataValue>
              <pnp:DataValue FieldName="Load">True</pnp:DataValue>
              <pnp:DataValue FieldName="ResponseType">Radio</pnp:DataValue>
              <pnp:DataValue FieldName="Choices">EUR;USD;CAD</pnp:DataValue>
              <pnp:DataValue FieldName="Order">2500</pnp:DataValue>
              <pnp:DataValue FieldName="FileLeafRef">25_.000</pnp:DataValue>
              <pnp:DataValue FieldName="MetaInfo"></pnp:DataValue>
            </pnp:DataRow>
            <pnp:DataRow>
              <pnp:DataValue FieldName="Title">Lieferant</pnp:DataValue>
              <pnp:DataValue FieldName="Load">True</pnp:DataValue>
              <pnp:DataValue FieldName="ResponseType">Combobox</pnp:DataValue>
              <pnp:DataValue FieldName="Choices">Apple;Banana;Cherry;Grape;Orange</pnp:DataValue>
              <pnp:DataValue FieldName="Order">2600</pnp:DataValue>
              <pnp:DataValue FieldName="FileLeafRef">26_.000</pnp:DataValue>
              <pnp:DataValue FieldName="MetaInfo"></pnp:DataValue>
            </pnp:DataRow>
            <pnp:DataRow>
              <pnp:DataValue FieldName="Title">Exhaust gas set</pnp:DataValue>
              <pnp:DataValue FieldName="Load">True</pnp:DataValue>
              <pnp:DataValue FieldName="ResponseType">Combobox</pnp:DataValue>
              <pnp:DataValue FieldName="Choices">Yes;No</pnp:DataValue>
              <pnp:DataValue FieldName="Order">2700</pnp:DataValue>
              <pnp:DataValue FieldName="FileLeafRef">27_.000</pnp:DataValue>
              <pnp:DataValue FieldName="MetaInfo"></pnp:DataValue>
            </pnp:DataRow>
            <pnp:DataRow>
              <pnp:DataValue FieldName="Title">Name</pnp:DataValue>
              <pnp:DataValue FieldName="Load">True</pnp:DataValue>
              <pnp:DataValue FieldName="ResponseType">Text</pnp:DataValue>
              <pnp:DataValue FieldName="Choices" />
              <pnp:DataValue FieldName="Order">2800</pnp:DataValue>
              <pnp:DataValue FieldName="FileLeafRef">28_.000</pnp:DataValue>
              <pnp:DataValue FieldName="MetaInfo"></pnp:DataValue>
            </pnp:DataRow>
            <pnp:DataRow>
              <pnp:DataValue FieldName="Title">Street</pnp:DataValue>
              <pnp:DataValue FieldName="Load">True</pnp:DataValue>
              <pnp:DataValue FieldName="ResponseType">Text</pnp:DataValue>
              <pnp:DataValue FieldName="Choices" />
              <pnp:DataValue FieldName="Order">3000</pnp:DataValue>
              <pnp:DataValue FieldName="FileLeafRef">30_.000</pnp:DataValue>
              <pnp:DataValue FieldName="MetaInfo"></pnp:DataValue>
            </pnp:DataRow>
            <pnp:DataRow>
              <pnp:DataValue FieldName="Title">Zip code</pnp:DataValue>
              <pnp:DataValue FieldName="Load">True</pnp:DataValue>
              <pnp:DataValue FieldName="ResponseType">Number</pnp:DataValue>
              <pnp:DataValue FieldName="Choices" />
              <pnp:DataValue FieldName="Order">3100</pnp:DataValue>
              <pnp:DataValue FieldName="FileLeafRef">31_.000</pnp:DataValue>
              <pnp:DataValue FieldName="MetaInfo"></pnp:DataValue>
            </pnp:DataRow>
            <pnp:DataRow>
              <pnp:DataValue FieldName="Title">City</pnp:DataValue>
              <pnp:DataValue FieldName="Load">True</pnp:DataValue>
              <pnp:DataValue FieldName="ResponseType">Text</pnp:DataValue>
              <pnp:DataValue FieldName="Choices" />
              <pnp:DataValue FieldName="Order">3200</pnp:DataValue>
              <pnp:DataValue FieldName="FileLeafRef">32_.000</pnp:DataValue>
              <pnp:DataValue FieldName="MetaInfo"></pnp:DataValue>
            </pnp:DataRow>
            <pnp:DataRow>
              <pnp:DataValue FieldName="Title">Country</pnp:DataValue>
              <pnp:DataValue FieldName="Load">True</pnp:DataValue>
              <pnp:DataValue FieldName="ResponseType">Combobox</pnp:DataValue>
              <pnp:DataValue FieldName="Choices">Deutschland;Österreich;Schweiz</pnp:DataValue>
              <pnp:DataValue FieldName="Order">3300</pnp:DataValue>
              <pnp:DataValue FieldName="FileLeafRef">33_.000</pnp:DataValue>
              <pnp:DataValue FieldName="MetaInfo"></pnp:DataValue>
            </pnp:DataRow>
            <pnp:DataRow>
              <pnp:DataValue FieldName="Title">Contact</pnp:DataValue>
              <pnp:DataValue FieldName="Load">True</pnp:DataValue>
              <pnp:DataValue FieldName="ResponseType">Text</pnp:DataValue>
              <pnp:DataValue FieldName="Choices" />
              <pnp:DataValue FieldName="Order">3400</pnp:DataValue>
              <pnp:DataValue FieldName="FileLeafRef">34_.000</pnp:DataValue>
              <pnp:DataValue FieldName="MetaInfo"></pnp:DataValue>
            </pnp:DataRow>
            <pnp:DataRow>
              <pnp:DataValue FieldName="Title">Phone</pnp:DataValue>
              <pnp:DataValue FieldName="Load">True</pnp:DataValue>
              <pnp:DataValue FieldName="ResponseType">Text</pnp:DataValue>
              <pnp:DataValue FieldName="Choices" />
              <pnp:DataValue FieldName="Order">3500</pnp:DataValue>
              <pnp:DataValue FieldName="FileLeafRef">35_.000</pnp:DataValue>
              <pnp:DataValue FieldName="MetaInfo"></pnp:DataValue>
            </pnp:DataRow>
            <pnp:DataRow>
              <pnp:DataValue FieldName="Title">Email</pnp:DataValue>
              <pnp:DataValue FieldName="Load">True</pnp:DataValue>
              <pnp:DataValue FieldName="ResponseType">Text</pnp:DataValue>
              <pnp:DataValue FieldName="Choices" />
              <pnp:DataValue FieldName="Order">3600</pnp:DataValue>
              <pnp:DataValue FieldName="FileLeafRef">36_.000</pnp:DataValue>
              <pnp:DataValue FieldName="MetaInfo"></pnp:DataValue>
            </pnp:DataRow>
            <pnp:DataRow>
              <pnp:DataValue FieldName="Title">Date</pnp:DataValue>
              <pnp:DataValue FieldName="Load">True</pnp:DataValue>
              <pnp:DataValue FieldName="ResponseType">Date</pnp:DataValue>
              <pnp:DataValue FieldName="Choices" />
              <pnp:DataValue FieldName="Order">3700</pnp:DataValue>
              <pnp:DataValue FieldName="FileLeafRef">37_.000</pnp:DataValue>
              <pnp:DataValue FieldName="MetaInfo"></pnp:DataValue>
            </pnp:DataRow>
            <pnp:DataRow>
              <pnp:DataValue FieldName="Title">Price</pnp:DataValue>
              <pnp:DataValue FieldName="Load">True</pnp:DataValue>
              <pnp:DataValue FieldName="ResponseType">Number</pnp:DataValue>
              <pnp:DataValue FieldName="Choices" />
              <pnp:DataValue FieldName="Order">3900</pnp:DataValue>
              <pnp:DataValue FieldName="FileLeafRef">39_.000</pnp:DataValue>
              <pnp:DataValue FieldName="MetaInfo"></pnp:DataValue>
            </pnp:DataRow>
            <pnp:DataRow>
              <pnp:DataValue FieldName="Title">From when</pnp:DataValue>
              <pnp:DataValue FieldName="Load">True</pnp:DataValue>
              <pnp:DataValue FieldName="ResponseType">Date</pnp:DataValue>
              <pnp:DataValue FieldName="Choices" />
              <pnp:DataValue FieldName="Order">4000</pnp:DataValue>
              <pnp:DataValue FieldName="FileLeafRef">40_.000</pnp:DataValue>
              <pnp:DataValue FieldName="MetaInfo"></pnp:DataValue>
            </pnp:DataRow>
            <pnp:DataRow>
              <pnp:DataValue FieldName="Title">Pulse</pnp:DataValue>
              <pnp:DataValue FieldName="Load">True</pnp:DataValue>
              <pnp:DataValue FieldName="ResponseType">Number</pnp:DataValue>
              <pnp:DataValue FieldName="Choices" />
              <pnp:DataValue FieldName="Order">4700</pnp:DataValue>
              <pnp:DataValue FieldName="FileLeafRef">47_.000</pnp:DataValue>
              <pnp:DataValue FieldName="MetaInfo"></pnp:DataValue>
            </pnp:DataRow>
            <pnp:DataRow>
              <pnp:DataValue FieldName="Title">SystolischerWert</pnp:DataValue>
              <pnp:DataValue FieldName="Load">True</pnp:DataValue>
              <pnp:DataValue FieldName="ResponseType">Number</pnp:DataValue>
              <pnp:DataValue FieldName="Choices" />
              <pnp:DataValue FieldName="Order">4800</pnp:DataValue>
              <pnp:DataValue FieldName="FileLeafRef">48_.000</pnp:DataValue>
              <pnp:DataValue FieldName="MetaInfo"></pnp:DataValue>
            </pnp:DataRow>
            <pnp:DataRow>
              <pnp:DataValue FieldName="Title">DiastolischeWert</pnp:DataValue>
              <pnp:DataValue FieldName="Load">True</pnp:DataValue>
              <pnp:DataValue FieldName="ResponseType">Number</pnp:DataValue>
              <pnp:DataValue FieldName="Choices" />
              <pnp:DataValue FieldName="Order">4900</pnp:DataValue>
              <pnp:DataValue FieldName="FileLeafRef">49_.000</pnp:DataValue>
              <pnp:DataValue FieldName="MetaInfo"></pnp:DataValue>
            </pnp:DataRow>
            <pnp:DataRow>
              <pnp:DataValue FieldName="Title">Kommunikationsart</pnp:DataValue>
              <pnp:DataValue FieldName="Load">True</pnp:DataValue>
              <pnp:DataValue FieldName="ResponseType">Combobox</pnp:DataValue>
              <pnp:DataValue FieldName="Choices">Post; E-Mail</pnp:DataValue>
              <pnp:DataValue FieldName="Order">5000</pnp:DataValue>
              <pnp:DataValue FieldName="FileLeafRef">50_.000</pnp:DataValue>
              <pnp:DataValue FieldName="MetaInfo"></pnp:DataValue>
            </pnp:DataRow>
            <pnp:DataRow>
              <pnp:DataValue FieldName="Title">Language</pnp:DataValue>
              <pnp:DataValue FieldName="Load">True</pnp:DataValue>
              <pnp:DataValue FieldName="ResponseType">Combobox</pnp:DataValue>
              <pnp:DataValue FieldName="Choices">Deutsch; Englisch</pnp:DataValue>
              <pnp:DataValue FieldName="Order">5100</pnp:DataValue>
              <pnp:DataValue FieldName="FileLeafRef">51_.000</pnp:DataValue>
              <pnp:DataValue FieldName="MetaInfo"></pnp:DataValue>
            </pnp:DataRow>
            <pnp:DataRow>
              <pnp:DataValue FieldName="Title">Field2_Number</pnp:DataValue>
              <pnp:DataValue FieldName="Load">True</pnp:DataValue>
              <pnp:DataValue FieldName="ResponseType">Number</pnp:DataValue>
              <pnp:DataValue FieldName="Choices" />
              <pnp:DataValue FieldName="Order">5300</pnp:DataValue>
              <pnp:DataValue FieldName="FileLeafRef">53_.000</pnp:DataValue>
              <pnp:DataValue FieldName="MetaInfo"></pnp:DataValue>
            </pnp:DataRow>
            <pnp:DataRow>
              <pnp:DataValue FieldName="Title">Field3_Date</pnp:DataValue>
              <pnp:DataValue FieldName="Load">True</pnp:DataValue>
              <pnp:DataValue FieldName="ResponseType">Date</pnp:DataValue>
              <pnp:DataValue FieldName="Choices" />
              <pnp:DataValue FieldName="Order">5400</pnp:DataValue>
              <pnp:DataValue FieldName="FileLeafRef">54_.000</pnp:DataValue>
              <pnp:DataValue FieldName="MetaInfo"></pnp:DataValue>
            </pnp:DataRow>
            <pnp:DataRow>
              <pnp:DataValue FieldName="Title">Field4_Radio</pnp:DataValue>
              <pnp:DataValue FieldName="Load">True</pnp:DataValue>
              <pnp:DataValue FieldName="ResponseType">Radio</pnp:DataValue>
              <pnp:DataValue FieldName="Choices">Choice1; Choice2; Choice3</pnp:DataValue>
              <pnp:DataValue FieldName="Order">5500</pnp:DataValue>
              <pnp:DataValue FieldName="FileLeafRef">55_.000</pnp:DataValue>
              <pnp:DataValue FieldName="MetaInfo"></pnp:DataValue>
            </pnp:DataRow>
            <pnp:DataRow>
              <pnp:DataValue FieldName="Title">Field5_Combobox</pnp:DataValue>
              <pnp:DataValue FieldName="Load">True</pnp:DataValue>
              <pnp:DataValue FieldName="ResponseType">Combobox</pnp:DataValue>
              <pnp:DataValue FieldName="Choices">Choice1; Choice2; Choice3; Choice4</pnp:DataValue>
              <pnp:DataValue FieldName="Order">5600</pnp:DataValue>
              <pnp:DataValue FieldName="FileLeafRef">56_.000</pnp:DataValue>
              <pnp:DataValue FieldName="MetaInfo"></pnp:DataValue>
            </pnp:DataRow>
            <pnp:DataRow>
              <pnp:DataValue FieldName="Title">Field1_Text</pnp:DataValue>
              <pnp:DataValue FieldName="Load">True</pnp:DataValue>
              <pnp:DataValue FieldName="ResponseType">Text</pnp:DataValue>
              <pnp:DataValue FieldName="Choices" />
              <pnp:DataValue FieldName="Order">5700</pnp:DataValue>
              <pnp:DataValue FieldName="FileLeafRef">57_.000</pnp:DataValue>
              <pnp:DataValue FieldName="MetaInfo"></pnp:DataValue>
            </pnp:DataRow>
          </pnp:DataRows>
        </pnp:ListInstance>
      </pnp:Lists>
    </pnp:ProvisioningTemplate>
  </pnp:Templates>
</pnp:Provisioning>