<?xml version="1.0" encoding="utf-8"?>
<pnp:Provisioning xmlns:pnp="http://schemas.dev.office.com/PnP/2022/09/ProvisioningSchema">
  <pnp:Preferences Generator="PnP.Framework, Version=1.18.0.0, Culture=neutral, PublicKeyToken=0d501f89f11b748c" />
  <pnp:Templates ID="CONTAINER-TEMPLATE-A139A26CF2324DD9A6EAF1C1E0BD1288">
    <pnp:ProvisioningTemplate ID="TEMPLATE-A139A26CF2324DD9A6EAF1C1E0BD1288" Version="1" BaseSiteTemplate="GROUP#0" Scope="RootSite">
      <pnp:SiteFields>
        <Field ID="{9889a80f-c9ec-41d8-a359-ac5fb5c4cfa2}" Name="_SPCallToAction" StaticName="_SPCallToAction" DisplayName="Handlungsaufruf" Type="Note" SourceID="http://schemas.microsoft.com/sharepoint/v3" Group="_Hidden" Description="" AllowDeletion="FALSE" ShowInNewForm="FALSE" ShowInEditForm="FALSE" ShowInDisplayForm="FALSE" ShowInViewForms="FALSE" ShowInListSettings="FALSE" />
        <Field ID="{86EBE41F-255F-4170-B040-9977528A8BF5}" Name="_SPCollaborators" StaticName="_SPCollaborators" DisplayName="Mitarbeiter" Type="Note" SourceID="http://schemas.microsoft.com/sharepoint/v3" Group="_Hidden" Description="" AllowDeletion="FALSE" ShowInNewForm="FALSE" ShowInEditForm="FALSE" ShowInDisplayForm="FALSE" ShowInViewForms="FALSE" ShowInListSettings="FALSE" ReadOnly="TRUE" Hidden="TRUE" />
        <Field ID="{cb19284a-cde7-4570-a980-1dab8bd74470}" Name="_ExtendedDescription" SourceID="http://schemas.microsoft.com/sharepoint/v3" StaticName="_ExtendedDescription" DisplayName="Beschreibung" Group="Erweiterte Spalten" RichText="TRUE" ShowInEditForm="FALSE" RichTextMode="Compatible" CanToggleHidden="TRUE" Type="Note" />
        <Field ID="{AC9CE95B-F081-4B8A-BB19-2F4427D44674}" Name="_ExpirationDate" SourceID="http://schemas.microsoft.com/sharepoint/v3" StaticName="_ExpirationDate" Hidden="TRUE" Group="_Hidden" ReadOnly="TRUE" Type="Lookup" List="Docs" ShowField="ExpirationDate" DisplayName="Ablaufdatum" FromBaseType="TRUE" DisplaceOnUpgrade="TRUE" FieldRef="ID" JoinColName="DoclibRowId" JoinRowOrdinal="0" JoinType="INNER" />
        <Field ID="{08D89A66-4634-42B8-9D5A-0C27395A48B3}" Name="TriggerFlowInfo" SourceID="http://schemas.microsoft.com/sharepoint/v3" Required="FALSE" ShowInFileDlg="FALSE" Hidden="TRUE" ShowInNewForm="FALSE" ShowInEditForm="FALSE" ReadOnlyEnforced="FALSE" ReadOnly="TRUE" DisplaceOnUpgrade="TRUE" StaticName="TriggerFlowInfo" Type="Text" DisplayName="Flow-Info auslösen" Sortable="FALSE" />
        <Field ID="{4C321A6D-2A91-428B-8296-59408B35901A}" Name="_SourceDynamicSectionId" StaticName="_SourceDynamicSectionId" DisplayName="sourceDynamicPageId" Type="Text" SourceID="http://schemas.microsoft.com/sharepoint/v3" Group="_Hidden" Indexed="TRUE" Description="" ShowInEditForm="FALSE" AllowDeletion="FALSE" Hidden="TRUE" />
        <Field ID="{D8A77D76-536B-45D2-8B9B-E4E9B00CF3DC}" Name="_Emoji" SourceID="http://schemas.microsoft.com/sharepoint/v3" Required="FALSE" Hidden="TRUE" ShowInFileDlg="FALSE" ShowInNewForm="FALSE" ShowInEditForm="FALSE" DisplaceOnUpgrade="TRUE" StaticName="_Emoji" Type="Text" DisplayName="Emoji" Sortable="FALSE" />
        <Field ID="{ff41708b-e251-4237-a060-bea44657e8dc}" Name="_SPAssetFolderId" StaticName="_SPAssetFolderId" DisplayName="Ressourcenordner-ID" Type="Number" SourceID="http://schemas.microsoft.com/sharepoint/v3" Group="_Hidden" Description="" ReadOnly="TRUE" AllowDeletion="FALSE" Hidden="TRUE" />
        <Field ID="{0F17D094-F613-4D33-8031-7B22650AAD78}" Name="MediaUserMetadata" SourceID="http://schemas.microsoft.com/sharepoint/v3" Required="FALSE" Hidden="TRUE" Group="_Hidden" Sealed="TRUE" UnlimitedLengthInDocumentLibrary="TRUE" ShowInFileDlg="FALSE" ShowInNewForm="FALSE" ShowInEditForm="FALSE" ShowInDisplayForm="FALSE" ShowInViewForms="FALSE" ShowInListSettings="FALSE" DisplaceOnUpgrade="TRUE" StaticName="MediaUserMetadata" Type="Note" DisplayName="Medienbenutzermetadaten" Sortable="FALSE" />
        <Field ID="{DCA4E5A0-0887-4480-8F7B-EFCF76B76413}" Name="MediaGeneratedMetadata" SourceID="http://schemas.microsoft.com/sharepoint/v3" Required="FALSE" Hidden="TRUE" Group="_Hidden" Sealed="TRUE" UnlimitedLengthInDocumentLibrary="TRUE" ShowInFileDlg="FALSE" ShowInNewForm="FALSE" ShowInEditForm="FALSE" ShowInDisplayForm="FALSE" ShowInViewForms="FALSE" ShowInListSettings="FALSE" DisplaceOnUpgrade="TRUE" StaticName="MediaGeneratedMetadata" Type="Note" DisplayName="Mediengenerierte Metadaten" Sortable="FALSE" />
        <Field ID="{577d74a4-b828-4c3c-bfcd-b16d76cdbc0a}" Name="ComplianceTagAppId" SourceID="http://schemas.microsoft.com/sharepoint/v3" Required="FALSE" ShowInFileDlg="FALSE" ShowInNewForm="FALSE" ShowInEditForm="FALSE" Hidden="TRUE" DisplaceOnUpgrade="TRUE" ReadOnly="TRUE" StaticName="ComplianceTagAppId" Type="Text" DisplayName="Von App-ID angewendete Bezeichnung" Sortable="FALSE" />
        <Field ID="{3BDAB9AC-9E5D-44D4-BDE9-13B37E170618}" Name="_ColorHex" SourceID="http://schemas.microsoft.com/sharepoint/v3" Required="FALSE" Hidden="TRUE" ShowInFileDlg="FALSE" ShowInNewForm="FALSE" ShowInEditForm="FALSE" DisplaceOnUpgrade="TRUE" StaticName="_ColorHex" Type="Text" DisplayName="Farbe" Sortable="FALSE" />
        <Field ID="{76D13CD2-1BAE-45A5-8B74-545B87B65037}" Name="_ColorTag" SourceID="http://schemas.microsoft.com/sharepoint/v3" Required="FALSE" ShowInFileDlg="FALSE" ShowInNewForm="FALSE" ShowInEditForm="FALSE" ReadOnly="TRUE" DisplaceOnUpgrade="TRUE" Type="Text" StaticName="_ColorTag" DisplayName="Farbkennzeichnung" Sortable="TRUE" />
        <Field ID="{3A8EE3F8-166B-4394-B3E2-E98DCF86A847}" Name="A2ODMountCount" SourceID="http://schemas.microsoft.com/sharepoint/v3" StaticName="A2ODMountCount" Hidden="TRUE" Group="_Hidden" ReadOnly="TRUE" Type="Lookup" List="Docs" ShowField="A2ODMountCount" DisplayName="A2OD-Bereitstellungsanzahl" FromBaseType="TRUE" DisplaceOnUpgrade="TRUE" FieldRef="ID" JoinColName="DoclibRowId" JoinRowOrdinal="0" JoinType="INNER" />
        <Field ID="{031C92FD-9CB6-4AC8-8F5F-636D28E37079}" Name="_SPAuthoringMetadata" StaticName="_SPAuthoringMetadata" DisplayName="Metadaten werden erstellt" Type="Note" SourceID="http://schemas.microsoft.com/sharepoint/v3" Group="_Hidden" Description="" AllowDeletion="FALSE" ShowInNewForm="FALSE" ShowInEditForm="FALSE" ShowInDisplayForm="FALSE" ShowInViewForms="FALSE" ShowInListSettings="FALSE" ReadOnly="TRUE" Hidden="TRUE" />
      </pnp:SiteFields>
      <pnp:Lists>
        <pnp:ListInstance Title="pssFlexFieldsText" Description="" DocumentTemplate="" TemplateType="100" Url="Lists/pssFlexFieldsText" EnableVersioning="true" MinorVersionLimit="0" MaxVersionLimit="50" DraftVersionVisibility="0" TemplateFeatureID="00bfea71-de22-43b2-a848-c05709900100" EnableAttachments="false" EnableFolderCreation="false" NoCrawl="true" DefaultDisplayFormUrl="{site}/Lists/pssFlexFieldsText/DispForm.aspx" DefaultEditFormUrl="{site}/Lists/pssFlexFieldsText/EditForm.aspx" DefaultNewFormUrl="{site}/Lists/pssFlexFieldsText/NewForm.aspx" ImageUrl="/_layouts/15/images/itgen.png?rev=47" IrmExpire="false" IrmReject="false" IsApplicationList="false" ValidationFormula="" ValidationMessage="">
          <pnp:PropertyBagEntries>
            <pnp:PropertyBagEntry Key="wte_Source" Value="https://pobvol.sharepoint.com/sites/psschecklists/Lists/ChecklistsText/AllItems.aspx" Overwrite="false" />
          </pnp:PropertyBagEntries>
          <pnp:ContentTypeBindings>
            <pnp:ContentTypeBinding ContentTypeID="0x01" Default="true" />
            <pnp:ContentTypeBinding ContentTypeID="0x0120" />
          </pnp:ContentTypeBindings>
          <pnp:Views>
            <View Name="{F80D6CE8-9A43-4098-980A-DBF8DE58B7DD}" DefaultView="TRUE" MobileView="TRUE" MobileDefaultView="TRUE" Type="HTML" DisplayName="Alle Elemente" Url="{site}/Lists/pssFlexFieldsText/AllItems.aspx" Level="1" BaseViewID="1" ContentTypeID="0x" ImageUrl="/_layouts/15/images/generic.png?rev=47">
              <Query>
                <OrderBy />
              </Query>
              <ViewFields>
                <FieldRef Name="ID" />
                <FieldRef Name="LinkTitle" />
                <FieldRef Name="LanguageTag" />
                <FieldRef Name="Modified" />
                <FieldRef Name="Load" />
                <FieldRef Name="Text" />
              </ViewFields>
              <RowLimit Paged="TRUE">30</RowLimit>
              <JSLink>clienttemplates.js</JSLink>
              <CustomFormatter><![CDATA[]]></CustomFormatter>
              <ColumnWidth>
                <FieldRef Name="Title" width="180" />
                <FieldRef Name="Formular" width="204" />
                <FieldRef Name="Bauteil" width="346" />
                <FieldRef Name="Pos" width="90" />
                <FieldRef Name="SourceId" width="164" />
                <FieldRef Name="FlexForm" width="411" />
                <FieldRef Name="LanguageTag" width="188" />
                <FieldRef Name="ServiceartText" width="289" />
                <FieldRef Name="Serviceart" width="192" />
                <FieldRef Name="Geraetetyp" width="185" />
                <FieldRef Name="ChecklisteText" width="238.77777099609375" />
                <FieldRef Name="Checkliste" width="208.77777099609375" />
                <FieldRef Name="Checkpunkt" width="200.236083984375" />
              </ColumnWidth>
            </View>
          </pnp:Views>
          <pnp:Fields>
            <Field Type="Text" DisplayName="LanguageTag" Required="TRUE" EnforceUniqueValues="FALSE" Indexed="FALSE" MaxLength="2" ID="{6e6e8200-1e29-4ce4-85fa-163b1b0fbd02}" StaticName="LanguageTag" Name="LanguageTag" CustomFormatter="" ColName="nvarchar7" RowOrdinal="0" SourceID="{{listid:pssFlexFieldsText}}" />
            <Field Type="Boolean" DisplayName="Load" EnforceUniqueValues="FALSE" Indexed="FALSE" ID="{f7ba8c55-d3b4-4e86-a328-76bcb27dfcdd}" StaticName="Load" Name="Load" ColName="bit1" RowOrdinal="0" SourceID="{{listid:pssFlexFieldsText}}">
              <Default>1</Default>
            </Field>
            <Field Type="Text" DisplayName="Text" Required="FALSE" EnforceUniqueValues="FALSE" Indexed="FALSE" MaxLength="128" ID="{56ca9631-20be-4b23-b23c-a80bf1232757}" SourceID="{{listid:pssFlexFieldsText}}" StaticName="Text" Name="Text" ColName="nvarchar9" RowOrdinal="0" CustomFormatter="" Version="1" />
          </pnp:Fields>
          <pnp:FieldRefs>
            <pnp:FieldRef ID="fa564e0f-0c70-4ab9-b863-0177e6ddd247" Name="Title" Required="true" DisplayName="Title" />
            <pnp:FieldRef ID="76d13cd2-1bae-45a5-8b74-545b87b65037" Name="_ColorTag" DisplayName="Farbkennzeichnung" />
          </pnp:FieldRefs>
          <pnp:DataRows UpdateBehavior="Overwrite">
            <pnp:DataRow>
              <pnp:DataValue FieldName="Title">Tire tread front left</pnp:DataValue>
              <pnp:DataValue FieldName="LanguageTag">de</pnp:DataValue>
              <pnp:DataValue FieldName="Load">True</pnp:DataValue>
              <pnp:DataValue FieldName="Text">Reifenprofil VL</pnp:DataValue>
              <pnp:DataValue FieldName="Order">800</pnp:DataValue>
              <pnp:DataValue FieldName="FileLeafRef">8_.000</pnp:DataValue>
              <pnp:DataValue FieldName="MetaInfo"></pnp:DataValue>
            </pnp:DataRow>
            <pnp:DataRow>
              <pnp:DataValue FieldName="Title">Tire tread front right</pnp:DataValue>
              <pnp:DataValue FieldName="LanguageTag">de</pnp:DataValue>
              <pnp:DataValue FieldName="Load">True</pnp:DataValue>
              <pnp:DataValue FieldName="Text">Reifenprofil VR</pnp:DataValue>
              <pnp:DataValue FieldName="Order">900</pnp:DataValue>
              <pnp:DataValue FieldName="FileLeafRef">9_.000</pnp:DataValue>
              <pnp:DataValue FieldName="MetaInfo"></pnp:DataValue>
            </pnp:DataRow>
            <pnp:DataRow>
              <pnp:DataValue FieldName="Title">Tire tread rear left</pnp:DataValue>
              <pnp:DataValue FieldName="LanguageTag">de</pnp:DataValue>
              <pnp:DataValue FieldName="Load">True</pnp:DataValue>
              <pnp:DataValue FieldName="Text">Reifenprofil HL
</pnp:DataValue>
              <pnp:DataValue FieldName="Order">1000</pnp:DataValue>
              <pnp:DataValue FieldName="FileLeafRef">10_.000</pnp:DataValue>
              <pnp:DataValue FieldName="MetaInfo"></pnp:DataValue>
            </pnp:DataRow>
            <pnp:DataRow>
              <pnp:DataValue FieldName="Title">Tire tread rear right</pnp:DataValue>
              <pnp:DataValue FieldName="LanguageTag">de</pnp:DataValue>
              <pnp:DataValue FieldName="Load">True</pnp:DataValue>
              <pnp:DataValue FieldName="Text">Reifenprofil HR</pnp:DataValue>
              <pnp:DataValue FieldName="Order">1100</pnp:DataValue>
              <pnp:DataValue FieldName="FileLeafRef">11_.000</pnp:DataValue>
              <pnp:DataValue FieldName="MetaInfo"></pnp:DataValue>
            </pnp:DataRow>
            <pnp:DataRow>
              <pnp:DataValue FieldName="Title">SL Resistor</pnp:DataValue>
              <pnp:DataValue FieldName="LanguageTag">de</pnp:DataValue>
              <pnp:DataValue FieldName="Load">True</pnp:DataValue>
              <pnp:DataValue FieldName="Text">SL-Widerstand</pnp:DataValue>
              <pnp:DataValue FieldName="Order">1200</pnp:DataValue>
              <pnp:DataValue FieldName="FileLeafRef">12_.000</pnp:DataValue>
              <pnp:DataValue FieldName="MetaInfo"></pnp:DataValue>
            </pnp:DataRow>
            <pnp:DataRow>
              <pnp:DataValue FieldName="Title">ISO Resistance</pnp:DataValue>
              <pnp:DataValue FieldName="LanguageTag">de</pnp:DataValue>
              <pnp:DataValue FieldName="Load">True</pnp:DataValue>
              <pnp:DataValue FieldName="Text">ISO-Widerstand</pnp:DataValue>
              <pnp:DataValue FieldName="Order">1300</pnp:DataValue>
              <pnp:DataValue FieldName="FileLeafRef">13_.000</pnp:DataValue>
              <pnp:DataValue FieldName="MetaInfo"></pnp:DataValue>
            </pnp:DataRow>
            <pnp:DataRow>
              <pnp:DataValue FieldName="Title">Earth leakage current</pnp:DataValue>
              <pnp:DataValue FieldName="LanguageTag">de</pnp:DataValue>
              <pnp:DataValue FieldName="Load">True</pnp:DataValue>
              <pnp:DataValue FieldName="Text">Erdableiterstrom
</pnp:DataValue>
              <pnp:DataValue FieldName="Order">1400</pnp:DataValue>
              <pnp:DataValue FieldName="FileLeafRef">14_.000</pnp:DataValue>
              <pnp:DataValue FieldName="MetaInfo"></pnp:DataValue>
            </pnp:DataRow>
            <pnp:DataRow>
              <pnp:DataValue FieldName="Title">Housing leakage current</pnp:DataValue>
              <pnp:DataValue FieldName="LanguageTag">de</pnp:DataValue>
              <pnp:DataValue FieldName="Load">True</pnp:DataValue>
              <pnp:DataValue FieldName="Text">Gehäuseableitstrom</pnp:DataValue>
              <pnp:DataValue FieldName="Order">1500</pnp:DataValue>
              <pnp:DataValue FieldName="FileLeafRef">15_.000</pnp:DataValue>
              <pnp:DataValue FieldName="MetaInfo"></pnp:DataValue>
            </pnp:DataRow>
            <pnp:DataRow>
              <pnp:DataValue FieldName="Title">Replacement housing leakage curr</pnp:DataValue>
              <pnp:DataValue FieldName="LanguageTag">de</pnp:DataValue>
              <pnp:DataValue FieldName="Load">True</pnp:DataValue>
              <pnp:DataValue FieldName="Text">Ersatz-Gehäuseableiterstrom</pnp:DataValue>
              <pnp:DataValue FieldName="Order">1600</pnp:DataValue>
              <pnp:DataValue FieldName="FileLeafRef">16_.000</pnp:DataValue>
              <pnp:DataValue FieldName="MetaInfo"></pnp:DataValue>
            </pnp:DataRow>
            <pnp:DataRow>
              <pnp:DataValue FieldName="Title">Customer number</pnp:DataValue>
              <pnp:DataValue FieldName="LanguageTag">de</pnp:DataValue>
              <pnp:DataValue FieldName="Load">True</pnp:DataValue>
              <pnp:DataValue FieldName="Text">Kundennummer</pnp:DataValue>
              <pnp:DataValue FieldName="Order">1700</pnp:DataValue>
              <pnp:DataValue FieldName="FileLeafRef">17_.000</pnp:DataValue>
              <pnp:DataValue FieldName="MetaInfo"></pnp:DataValue>
            </pnp:DataRow>
            <pnp:DataRow>
              <pnp:DataValue FieldName="Title">Customer name</pnp:DataValue>
              <pnp:DataValue FieldName="LanguageTag">de</pnp:DataValue>
              <pnp:DataValue FieldName="Load">True</pnp:DataValue>
              <pnp:DataValue FieldName="Text">Kundenname</pnp:DataValue>
              <pnp:DataValue FieldName="Order">1800</pnp:DataValue>
              <pnp:DataValue FieldName="FileLeafRef">18_.000</pnp:DataValue>
              <pnp:DataValue FieldName="MetaInfo"></pnp:DataValue>
            </pnp:DataRow>
            <pnp:DataRow>
              <pnp:DataValue FieldName="Title">Device</pnp:DataValue>
              <pnp:DataValue FieldName="LanguageTag">de</pnp:DataValue>
              <pnp:DataValue FieldName="Load">True</pnp:DataValue>
              <pnp:DataValue FieldName="Text">Gerät</pnp:DataValue>
              <pnp:DataValue FieldName="Order">1900</pnp:DataValue>
              <pnp:DataValue FieldName="FileLeafRef">19_.000</pnp:DataValue>
              <pnp:DataValue FieldName="MetaInfo"></pnp:DataValue>
            </pnp:DataRow>
            <pnp:DataRow>
              <pnp:DataValue FieldName="Title">Serial number</pnp:DataValue>
              <pnp:DataValue FieldName="LanguageTag">de</pnp:DataValue>
              <pnp:DataValue FieldName="Load">True</pnp:DataValue>
              <pnp:DataValue FieldName="Text">Seriennummer</pnp:DataValue>
              <pnp:DataValue FieldName="Order">2000</pnp:DataValue>
              <pnp:DataValue FieldName="FileLeafRef">20_.000</pnp:DataValue>
              <pnp:DataValue FieldName="MetaInfo"></pnp:DataValue>
            </pnp:DataRow>
            <pnp:DataRow>
              <pnp:DataValue FieldName="Title">Location</pnp:DataValue>
              <pnp:DataValue FieldName="LanguageTag">de</pnp:DataValue>
              <pnp:DataValue FieldName="Load">True</pnp:DataValue>
              <pnp:DataValue FieldName="Text">Standort</pnp:DataValue>
              <pnp:DataValue FieldName="Order">2100</pnp:DataValue>
              <pnp:DataValue FieldName="FileLeafRef">21_.000</pnp:DataValue>
              <pnp:DataValue FieldName="MetaInfo"></pnp:DataValue>
            </pnp:DataRow>
            <pnp:DataRow>
              <pnp:DataValue FieldName="Title">Grund für die Anschaffung</pnp:DataValue>
              <pnp:DataValue FieldName="LanguageTag">de</pnp:DataValue>
              <pnp:DataValue FieldName="Load">True</pnp:DataValue>
              <pnp:DataValue FieldName="Text">Grund für die Anschaffung</pnp:DataValue>
              <pnp:DataValue FieldName="Order">2200</pnp:DataValue>
              <pnp:DataValue FieldName="FileLeafRef">22_.000</pnp:DataValue>
              <pnp:DataValue FieldName="MetaInfo"></pnp:DataValue>
            </pnp:DataRow>
            <pnp:DataRow>
              <pnp:DataValue FieldName="Title">benötigte Menge</pnp:DataValue>
              <pnp:DataValue FieldName="LanguageTag">de</pnp:DataValue>
              <pnp:DataValue FieldName="Load">True</pnp:DataValue>
              <pnp:DataValue FieldName="Text">benötigte Menge</pnp:DataValue>
              <pnp:DataValue FieldName="Order">2300</pnp:DataValue>
              <pnp:DataValue FieldName="FileLeafRef">23_.000</pnp:DataValue>
              <pnp:DataValue FieldName="MetaInfo"></pnp:DataValue>
            </pnp:DataRow>
            <pnp:DataRow>
              <pnp:DataValue FieldName="Title">Währung</pnp:DataValue>
              <pnp:DataValue FieldName="LanguageTag">de</pnp:DataValue>
              <pnp:DataValue FieldName="Load">True</pnp:DataValue>
              <pnp:DataValue FieldName="Text">Währung</pnp:DataValue>
              <pnp:DataValue FieldName="Order">2400</pnp:DataValue>
              <pnp:DataValue FieldName="FileLeafRef">24_.000</pnp:DataValue>
              <pnp:DataValue FieldName="MetaInfo"></pnp:DataValue>
            </pnp:DataRow>
            <pnp:DataRow>
              <pnp:DataValue FieldName="Title">Lieferant</pnp:DataValue>
              <pnp:DataValue FieldName="LanguageTag">de</pnp:DataValue>
              <pnp:DataValue FieldName="Load">True</pnp:DataValue>
              <pnp:DataValue FieldName="Text">Lieferant</pnp:DataValue>
              <pnp:DataValue FieldName="Order">2500</pnp:DataValue>
              <pnp:DataValue FieldName="FileLeafRef">25_.000</pnp:DataValue>
              <pnp:DataValue FieldName="MetaInfo"></pnp:DataValue>
            </pnp:DataRow>
            <pnp:DataRow>
              <pnp:DataValue FieldName="Title">Exhaust gas set</pnp:DataValue>
              <pnp:DataValue FieldName="LanguageTag">de</pnp:DataValue>
              <pnp:DataValue FieldName="Load">True</pnp:DataValue>
              <pnp:DataValue FieldName="Text">Abgas eingestellt</pnp:DataValue>
              <pnp:DataValue FieldName="Order">2600</pnp:DataValue>
              <pnp:DataValue FieldName="FileLeafRef">26_.000</pnp:DataValue>
              <pnp:DataValue FieldName="MetaInfo"></pnp:DataValue>
            </pnp:DataRow>
            <pnp:DataRow>
              <pnp:DataValue FieldName="Title">Name</pnp:DataValue>
              <pnp:DataValue FieldName="LanguageTag">de</pnp:DataValue>
              <pnp:DataValue FieldName="Load">True</pnp:DataValue>
              <pnp:DataValue FieldName="Text">Name</pnp:DataValue>
              <pnp:DataValue FieldName="Order">2700</pnp:DataValue>
              <pnp:DataValue FieldName="FileLeafRef">27_.000</pnp:DataValue>
              <pnp:DataValue FieldName="MetaInfo"></pnp:DataValue>
            </pnp:DataRow>
            <pnp:DataRow>
              <pnp:DataValue FieldName="Title">Street</pnp:DataValue>
              <pnp:DataValue FieldName="LanguageTag">de</pnp:DataValue>
              <pnp:DataValue FieldName="Load">True</pnp:DataValue>
              <pnp:DataValue FieldName="Text">Strasse</pnp:DataValue>
              <pnp:DataValue FieldName="Order">2900</pnp:DataValue>
              <pnp:DataValue FieldName="FileLeafRef">29_.000</pnp:DataValue>
              <pnp:DataValue FieldName="MetaInfo"></pnp:DataValue>
            </pnp:DataRow>
            <pnp:DataRow>
              <pnp:DataValue FieldName="Title">Zip code</pnp:DataValue>
              <pnp:DataValue FieldName="LanguageTag">de</pnp:DataValue>
              <pnp:DataValue FieldName="Load">True</pnp:DataValue>
              <pnp:DataValue FieldName="Text">Postleitzahl</pnp:DataValue>
              <pnp:DataValue FieldName="Order">3000</pnp:DataValue>
              <pnp:DataValue FieldName="FileLeafRef">30_.000</pnp:DataValue>
              <pnp:DataValue FieldName="MetaInfo"></pnp:DataValue>
            </pnp:DataRow>
            <pnp:DataRow>
              <pnp:DataValue FieldName="Title">City</pnp:DataValue>
              <pnp:DataValue FieldName="LanguageTag">de</pnp:DataValue>
              <pnp:DataValue FieldName="Load">True</pnp:DataValue>
              <pnp:DataValue FieldName="Text">Ort</pnp:DataValue>
              <pnp:DataValue FieldName="Order">3100</pnp:DataValue>
              <pnp:DataValue FieldName="FileLeafRef">31_.000</pnp:DataValue>
              <pnp:DataValue FieldName="MetaInfo"></pnp:DataValue>
            </pnp:DataRow>
            <pnp:DataRow>
              <pnp:DataValue FieldName="Title">Country</pnp:DataValue>
              <pnp:DataValue FieldName="LanguageTag">de</pnp:DataValue>
              <pnp:DataValue FieldName="Load">True</pnp:DataValue>
              <pnp:DataValue FieldName="Text">Land</pnp:DataValue>
              <pnp:DataValue FieldName="Order">3200</pnp:DataValue>
              <pnp:DataValue FieldName="FileLeafRef">32_.000</pnp:DataValue>
              <pnp:DataValue FieldName="MetaInfo"></pnp:DataValue>
            </pnp:DataRow>
            <pnp:DataRow>
              <pnp:DataValue FieldName="Title">Contact</pnp:DataValue>
              <pnp:DataValue FieldName="LanguageTag">de</pnp:DataValue>
              <pnp:DataValue FieldName="Load">True</pnp:DataValue>
              <pnp:DataValue FieldName="Text">Ansprechpartner</pnp:DataValue>
              <pnp:DataValue FieldName="Order">3300</pnp:DataValue>
              <pnp:DataValue FieldName="FileLeafRef">33_.000</pnp:DataValue>
              <pnp:DataValue FieldName="MetaInfo"></pnp:DataValue>
            </pnp:DataRow>
            <pnp:DataRow>
              <pnp:DataValue FieldName="Title">Phone</pnp:DataValue>
              <pnp:DataValue FieldName="LanguageTag">de</pnp:DataValue>
              <pnp:DataValue FieldName="Load">True</pnp:DataValue>
              <pnp:DataValue FieldName="Text">Telefon</pnp:DataValue>
              <pnp:DataValue FieldName="Order">3400</pnp:DataValue>
              <pnp:DataValue FieldName="FileLeafRef">34_.000</pnp:DataValue>
              <pnp:DataValue FieldName="MetaInfo"></pnp:DataValue>
            </pnp:DataRow>
            <pnp:DataRow>
              <pnp:DataValue FieldName="Title">Email</pnp:DataValue>
              <pnp:DataValue FieldName="LanguageTag">de</pnp:DataValue>
              <pnp:DataValue FieldName="Load">True</pnp:DataValue>
              <pnp:DataValue FieldName="Text">E-Mail</pnp:DataValue>
              <pnp:DataValue FieldName="Order">3500</pnp:DataValue>
              <pnp:DataValue FieldName="FileLeafRef">35_.000</pnp:DataValue>
              <pnp:DataValue FieldName="MetaInfo"></pnp:DataValue>
            </pnp:DataRow>
            <pnp:DataRow>
              <pnp:DataValue FieldName="Title">Date</pnp:DataValue>
              <pnp:DataValue FieldName="LanguageTag">de</pnp:DataValue>
              <pnp:DataValue FieldName="Load">True</pnp:DataValue>
              <pnp:DataValue FieldName="Text">Bis wann?</pnp:DataValue>
              <pnp:DataValue FieldName="Order">3600</pnp:DataValue>
              <pnp:DataValue FieldName="FileLeafRef">36_.000</pnp:DataValue>
              <pnp:DataValue FieldName="MetaInfo"></pnp:DataValue>
            </pnp:DataRow>
            <pnp:DataRow>
              <pnp:DataValue FieldName="Title">Tire tread front left</pnp:DataValue>
              <pnp:DataValue FieldName="LanguageTag">en</pnp:DataValue>
              <pnp:DataValue FieldName="Load">True</pnp:DataValue>
              <pnp:DataValue FieldName="Text">Tire tread front left</pnp:DataValue>
              <pnp:DataValue FieldName="Order">3700</pnp:DataValue>
              <pnp:DataValue FieldName="FileLeafRef">37_.000</pnp:DataValue>
              <pnp:DataValue FieldName="MetaInfo"></pnp:DataValue>
            </pnp:DataRow>
            <pnp:DataRow>
              <pnp:DataValue FieldName="Title">Tire tread front right</pnp:DataValue>
              <pnp:DataValue FieldName="LanguageTag">en</pnp:DataValue>
              <pnp:DataValue FieldName="Load">True</pnp:DataValue>
              <pnp:DataValue FieldName="Text">Tire tread front right</pnp:DataValue>
              <pnp:DataValue FieldName="Order">3800</pnp:DataValue>
              <pnp:DataValue FieldName="FileLeafRef">38_.000</pnp:DataValue>
              <pnp:DataValue FieldName="MetaInfo"></pnp:DataValue>
            </pnp:DataRow>
            <pnp:DataRow>
              <pnp:DataValue FieldName="Title">Tire tread rear left</pnp:DataValue>
              <pnp:DataValue FieldName="LanguageTag">en</pnp:DataValue>
              <pnp:DataValue FieldName="Load">True</pnp:DataValue>
              <pnp:DataValue FieldName="Text">Tire tread rear left</pnp:DataValue>
              <pnp:DataValue FieldName="Order">3900</pnp:DataValue>
              <pnp:DataValue FieldName="FileLeafRef">39_.000</pnp:DataValue>
              <pnp:DataValue FieldName="MetaInfo"></pnp:DataValue>
            </pnp:DataRow>
            <pnp:DataRow>
              <pnp:DataValue FieldName="Title">Tire tread rear right</pnp:DataValue>
              <pnp:DataValue FieldName="LanguageTag">en</pnp:DataValue>
              <pnp:DataValue FieldName="Load">True</pnp:DataValue>
              <pnp:DataValue FieldName="Text">Tire tread rear right</pnp:DataValue>
              <pnp:DataValue FieldName="Order">4000</pnp:DataValue>
              <pnp:DataValue FieldName="FileLeafRef">40_.000</pnp:DataValue>
              <pnp:DataValue FieldName="MetaInfo"></pnp:DataValue>
            </pnp:DataRow>
            <pnp:DataRow>
              <pnp:DataValue FieldName="Title">SL Resistor</pnp:DataValue>
              <pnp:DataValue FieldName="LanguageTag">en</pnp:DataValue>
              <pnp:DataValue FieldName="Load">True</pnp:DataValue>
              <pnp:DataValue FieldName="Text">SL Resistor</pnp:DataValue>
              <pnp:DataValue FieldName="Order">4100</pnp:DataValue>
              <pnp:DataValue FieldName="FileLeafRef">41_.000</pnp:DataValue>
              <pnp:DataValue FieldName="MetaInfo"></pnp:DataValue>
            </pnp:DataRow>
            <pnp:DataRow>
              <pnp:DataValue FieldName="Title">ISO Resistance</pnp:DataValue>
              <pnp:DataValue FieldName="LanguageTag">en</pnp:DataValue>
              <pnp:DataValue FieldName="Load">True</pnp:DataValue>
              <pnp:DataValue FieldName="Text">ISO Resistance</pnp:DataValue>
              <pnp:DataValue FieldName="Order">4200</pnp:DataValue>
              <pnp:DataValue FieldName="FileLeafRef">42_.000</pnp:DataValue>
              <pnp:DataValue FieldName="MetaInfo"></pnp:DataValue>
            </pnp:DataRow>
            <pnp:DataRow>
              <pnp:DataValue FieldName="Title">Earth leakage current</pnp:DataValue>
              <pnp:DataValue FieldName="LanguageTag">en</pnp:DataValue>
              <pnp:DataValue FieldName="Load">True</pnp:DataValue>
              <pnp:DataValue FieldName="Text">Earth leakage current</pnp:DataValue>
              <pnp:DataValue FieldName="Order">4300</pnp:DataValue>
              <pnp:DataValue FieldName="FileLeafRef">43_.000</pnp:DataValue>
              <pnp:DataValue FieldName="MetaInfo"></pnp:DataValue>
            </pnp:DataRow>
            <pnp:DataRow>
              <pnp:DataValue FieldName="Title">Housing leakage current</pnp:DataValue>
              <pnp:DataValue FieldName="LanguageTag">en</pnp:DataValue>
              <pnp:DataValue FieldName="Load">True</pnp:DataValue>
              <pnp:DataValue FieldName="Text">Housing leakage current</pnp:DataValue>
              <pnp:DataValue FieldName="Order">4400</pnp:DataValue>
              <pnp:DataValue FieldName="FileLeafRef">44_.000</pnp:DataValue>
              <pnp:DataValue FieldName="MetaInfo"></pnp:DataValue>
            </pnp:DataRow>
            <pnp:DataRow>
              <pnp:DataValue FieldName="Title">Replacement housing leakage curr</pnp:DataValue>
              <pnp:DataValue FieldName="LanguageTag">en</pnp:DataValue>
              <pnp:DataValue FieldName="Load">True</pnp:DataValue>
              <pnp:DataValue FieldName="Text">Replacement housing leakage current</pnp:DataValue>
              <pnp:DataValue FieldName="Order">4500</pnp:DataValue>
              <pnp:DataValue FieldName="FileLeafRef">45_.000</pnp:DataValue>
              <pnp:DataValue FieldName="MetaInfo"></pnp:DataValue>
            </pnp:DataRow>
            <pnp:DataRow>
              <pnp:DataValue FieldName="Title">Customer number</pnp:DataValue>
              <pnp:DataValue FieldName="LanguageTag">en</pnp:DataValue>
              <pnp:DataValue FieldName="Load">True</pnp:DataValue>
              <pnp:DataValue FieldName="Text">Customer number</pnp:DataValue>
              <pnp:DataValue FieldName="Order">4600</pnp:DataValue>
              <pnp:DataValue FieldName="FileLeafRef">46_.000</pnp:DataValue>
              <pnp:DataValue FieldName="MetaInfo"></pnp:DataValue>
            </pnp:DataRow>
            <pnp:DataRow>
              <pnp:DataValue FieldName="Title">Customer name</pnp:DataValue>
              <pnp:DataValue FieldName="LanguageTag">en</pnp:DataValue>
              <pnp:DataValue FieldName="Load">True</pnp:DataValue>
              <pnp:DataValue FieldName="Text">Customer name</pnp:DataValue>
              <pnp:DataValue FieldName="Order">4700</pnp:DataValue>
              <pnp:DataValue FieldName="FileLeafRef">47_.000</pnp:DataValue>
              <pnp:DataValue FieldName="MetaInfo"></pnp:DataValue>
            </pnp:DataRow>
            <pnp:DataRow>
              <pnp:DataValue FieldName="Title">Name</pnp:DataValue>
              <pnp:DataValue FieldName="LanguageTag">en</pnp:DataValue>
              <pnp:DataValue FieldName="Load">True</pnp:DataValue>
              <pnp:DataValue FieldName="Text">Name</pnp:DataValue>
              <pnp:DataValue FieldName="Order">4900</pnp:DataValue>
              <pnp:DataValue FieldName="FileLeafRef">49_.000</pnp:DataValue>
              <pnp:DataValue FieldName="MetaInfo"></pnp:DataValue>
            </pnp:DataRow>
            <pnp:DataRow>
              <pnp:DataValue FieldName="Title">Exhaust gas set</pnp:DataValue>
              <pnp:DataValue FieldName="LanguageTag">en</pnp:DataValue>
              <pnp:DataValue FieldName="Load">True</pnp:DataValue>
              <pnp:DataValue FieldName="Text">Exhaust gas set</pnp:DataValue>
              <pnp:DataValue FieldName="Order">5000</pnp:DataValue>
              <pnp:DataValue FieldName="FileLeafRef">50_.000</pnp:DataValue>
              <pnp:DataValue FieldName="MetaInfo"></pnp:DataValue>
            </pnp:DataRow>
            <pnp:DataRow>
              <pnp:DataValue FieldName="Title">Lieferant</pnp:DataValue>
              <pnp:DataValue FieldName="LanguageTag">en</pnp:DataValue>
              <pnp:DataValue FieldName="Load">True</pnp:DataValue>
              <pnp:DataValue FieldName="Text">Supplier</pnp:DataValue>
              <pnp:DataValue FieldName="Order">5100</pnp:DataValue>
              <pnp:DataValue FieldName="FileLeafRef">51_.000</pnp:DataValue>
              <pnp:DataValue FieldName="MetaInfo"></pnp:DataValue>
            </pnp:DataRow>
            <pnp:DataRow>
              <pnp:DataValue FieldName="Title">Währung</pnp:DataValue>
              <pnp:DataValue FieldName="LanguageTag">en</pnp:DataValue>
              <pnp:DataValue FieldName="Load">True</pnp:DataValue>
              <pnp:DataValue FieldName="Text">Currency</pnp:DataValue>
              <pnp:DataValue FieldName="Order">5200</pnp:DataValue>
              <pnp:DataValue FieldName="FileLeafRef">52_.000</pnp:DataValue>
              <pnp:DataValue FieldName="MetaInfo"></pnp:DataValue>
            </pnp:DataRow>
            <pnp:DataRow>
              <pnp:DataValue FieldName="Title">benötigte Menge</pnp:DataValue>
              <pnp:DataValue FieldName="LanguageTag">en</pnp:DataValue>
              <pnp:DataValue FieldName="Load">True</pnp:DataValue>
              <pnp:DataValue FieldName="Text">required quantity</pnp:DataValue>
              <pnp:DataValue FieldName="Order">5300</pnp:DataValue>
              <pnp:DataValue FieldName="FileLeafRef">53_.000</pnp:DataValue>
              <pnp:DataValue FieldName="MetaInfo"></pnp:DataValue>
            </pnp:DataRow>
            <pnp:DataRow>
              <pnp:DataValue FieldName="Title">Grund für die Anschaffung</pnp:DataValue>
              <pnp:DataValue FieldName="LanguageTag">en</pnp:DataValue>
              <pnp:DataValue FieldName="Load">True</pnp:DataValue>
              <pnp:DataValue FieldName="Text">Reason for purchase</pnp:DataValue>
              <pnp:DataValue FieldName="Order">5400</pnp:DataValue>
              <pnp:DataValue FieldName="FileLeafRef">54_.000</pnp:DataValue>
              <pnp:DataValue FieldName="MetaInfo"></pnp:DataValue>
            </pnp:DataRow>
            <pnp:DataRow>
              <pnp:DataValue FieldName="Title">Location</pnp:DataValue>
              <pnp:DataValue FieldName="LanguageTag">en</pnp:DataValue>
              <pnp:DataValue FieldName="Load">True</pnp:DataValue>
              <pnp:DataValue FieldName="Text">Location</pnp:DataValue>
              <pnp:DataValue FieldName="Order">5500</pnp:DataValue>
              <pnp:DataValue FieldName="FileLeafRef">55_.000</pnp:DataValue>
              <pnp:DataValue FieldName="MetaInfo"></pnp:DataValue>
            </pnp:DataRow>
            <pnp:DataRow>
              <pnp:DataValue FieldName="Title">Serial number</pnp:DataValue>
              <pnp:DataValue FieldName="LanguageTag">en</pnp:DataValue>
              <pnp:DataValue FieldName="Load">True</pnp:DataValue>
              <pnp:DataValue FieldName="Text">Serial number</pnp:DataValue>
              <pnp:DataValue FieldName="Order">5600</pnp:DataValue>
              <pnp:DataValue FieldName="FileLeafRef">56_.000</pnp:DataValue>
              <pnp:DataValue FieldName="MetaInfo"></pnp:DataValue>
            </pnp:DataRow>
            <pnp:DataRow>
              <pnp:DataValue FieldName="Title">Device</pnp:DataValue>
              <pnp:DataValue FieldName="LanguageTag">en</pnp:DataValue>
              <pnp:DataValue FieldName="Load">True</pnp:DataValue>
              <pnp:DataValue FieldName="Text">Device</pnp:DataValue>
              <pnp:DataValue FieldName="Order">5700</pnp:DataValue>
              <pnp:DataValue FieldName="FileLeafRef">57_.000</pnp:DataValue>
              <pnp:DataValue FieldName="MetaInfo"></pnp:DataValue>
            </pnp:DataRow>
            <pnp:DataRow>
              <pnp:DataValue FieldName="Title">Street</pnp:DataValue>
              <pnp:DataValue FieldName="LanguageTag">en</pnp:DataValue>
              <pnp:DataValue FieldName="Load">True</pnp:DataValue>
              <pnp:DataValue FieldName="Text">Street</pnp:DataValue>
              <pnp:DataValue FieldName="Order">5800</pnp:DataValue>
              <pnp:DataValue FieldName="FileLeafRef">58_.000</pnp:DataValue>
              <pnp:DataValue FieldName="MetaInfo"></pnp:DataValue>
            </pnp:DataRow>
            <pnp:DataRow>
              <pnp:DataValue FieldName="Title">Zip code</pnp:DataValue>
              <pnp:DataValue FieldName="LanguageTag">en</pnp:DataValue>
              <pnp:DataValue FieldName="Load">True</pnp:DataValue>
              <pnp:DataValue FieldName="Text">Zip code</pnp:DataValue>
              <pnp:DataValue FieldName="Order">5900</pnp:DataValue>
              <pnp:DataValue FieldName="FileLeafRef">59_.000</pnp:DataValue>
              <pnp:DataValue FieldName="MetaInfo"></pnp:DataValue>
            </pnp:DataRow>
            <pnp:DataRow>
              <pnp:DataValue FieldName="Title">City</pnp:DataValue>
              <pnp:DataValue FieldName="LanguageTag">en</pnp:DataValue>
              <pnp:DataValue FieldName="Load">True</pnp:DataValue>
              <pnp:DataValue FieldName="Text">City</pnp:DataValue>
              <pnp:DataValue FieldName="Order">6000</pnp:DataValue>
              <pnp:DataValue FieldName="FileLeafRef">60_.000</pnp:DataValue>
              <pnp:DataValue FieldName="MetaInfo"></pnp:DataValue>
            </pnp:DataRow>
            <pnp:DataRow>
              <pnp:DataValue FieldName="Title">Date</pnp:DataValue>
              <pnp:DataValue FieldName="LanguageTag">en</pnp:DataValue>
              <pnp:DataValue FieldName="Load">True</pnp:DataValue>
              <pnp:DataValue FieldName="Text">Date</pnp:DataValue>
              <pnp:DataValue FieldName="Order">6100</pnp:DataValue>
              <pnp:DataValue FieldName="FileLeafRef">61_.000</pnp:DataValue>
              <pnp:DataValue FieldName="MetaInfo"></pnp:DataValue>
            </pnp:DataRow>
            <pnp:DataRow>
              <pnp:DataValue FieldName="Title">Email</pnp:DataValue>
              <pnp:DataValue FieldName="LanguageTag">en</pnp:DataValue>
              <pnp:DataValue FieldName="Load">True</pnp:DataValue>
              <pnp:DataValue FieldName="Text">Email</pnp:DataValue>
              <pnp:DataValue FieldName="Order">6200</pnp:DataValue>
              <pnp:DataValue FieldName="FileLeafRef">62_.000</pnp:DataValue>
              <pnp:DataValue FieldName="MetaInfo"></pnp:DataValue>
            </pnp:DataRow>
            <pnp:DataRow>
              <pnp:DataValue FieldName="Title">Phone</pnp:DataValue>
              <pnp:DataValue FieldName="LanguageTag">en</pnp:DataValue>
              <pnp:DataValue FieldName="Load">True</pnp:DataValue>
              <pnp:DataValue FieldName="Text">Phone</pnp:DataValue>
              <pnp:DataValue FieldName="Order">6300</pnp:DataValue>
              <pnp:DataValue FieldName="FileLeafRef">63_.000</pnp:DataValue>
              <pnp:DataValue FieldName="MetaInfo"></pnp:DataValue>
            </pnp:DataRow>
            <pnp:DataRow>
              <pnp:DataValue FieldName="Title">Contact</pnp:DataValue>
              <pnp:DataValue FieldName="LanguageTag">en</pnp:DataValue>
              <pnp:DataValue FieldName="Load">True</pnp:DataValue>
              <pnp:DataValue FieldName="Text">Contact</pnp:DataValue>
              <pnp:DataValue FieldName="Order">6400</pnp:DataValue>
              <pnp:DataValue FieldName="FileLeafRef">64_.000</pnp:DataValue>
              <pnp:DataValue FieldName="MetaInfo"></pnp:DataValue>
            </pnp:DataRow>
            <pnp:DataRow>
              <pnp:DataValue FieldName="Title">Country</pnp:DataValue>
              <pnp:DataValue FieldName="LanguageTag">en</pnp:DataValue>
              <pnp:DataValue FieldName="Load">True</pnp:DataValue>
              <pnp:DataValue FieldName="Text">Country</pnp:DataValue>
              <pnp:DataValue FieldName="Order">6500</pnp:DataValue>
              <pnp:DataValue FieldName="FileLeafRef">65_.000</pnp:DataValue>
              <pnp:DataValue FieldName="MetaInfo"></pnp:DataValue>
            </pnp:DataRow>
            <pnp:DataRow>
              <pnp:DataValue FieldName="Title">Price</pnp:DataValue>
              <pnp:DataValue FieldName="LanguageTag">de</pnp:DataValue>
              <pnp:DataValue FieldName="Load">True</pnp:DataValue>
              <pnp:DataValue FieldName="Text">Preis</pnp:DataValue>
              <pnp:DataValue FieldName="Order">6700</pnp:DataValue>
              <pnp:DataValue FieldName="FileLeafRef">67_.000</pnp:DataValue>
              <pnp:DataValue FieldName="MetaInfo"></pnp:DataValue>
            </pnp:DataRow>
            <pnp:DataRow>
              <pnp:DataValue FieldName="Title">From when</pnp:DataValue>
              <pnp:DataValue FieldName="LanguageTag">de</pnp:DataValue>
              <pnp:DataValue FieldName="Load">True</pnp:DataValue>
              <pnp:DataValue FieldName="Text">ab wann?</pnp:DataValue>
              <pnp:DataValue FieldName="Order">6800</pnp:DataValue>
              <pnp:DataValue FieldName="FileLeafRef">68_.000</pnp:DataValue>
              <pnp:DataValue FieldName="MetaInfo"></pnp:DataValue>
            </pnp:DataRow>
            <pnp:DataRow>
              <pnp:DataValue FieldName="Title">Price</pnp:DataValue>
              <pnp:DataValue FieldName="LanguageTag">en</pnp:DataValue>
              <pnp:DataValue FieldName="Load">True</pnp:DataValue>
              <pnp:DataValue FieldName="Text">Price</pnp:DataValue>
              <pnp:DataValue FieldName="Order">6900</pnp:DataValue>
              <pnp:DataValue FieldName="FileLeafRef">69_.000</pnp:DataValue>
              <pnp:DataValue FieldName="MetaInfo"></pnp:DataValue>
            </pnp:DataRow>
            <pnp:DataRow>
              <pnp:DataValue FieldName="Title">From when</pnp:DataValue>
              <pnp:DataValue FieldName="LanguageTag">en</pnp:DataValue>
              <pnp:DataValue FieldName="Load">True</pnp:DataValue>
              <pnp:DataValue FieldName="Text">from when?</pnp:DataValue>
              <pnp:DataValue FieldName="Order">7000</pnp:DataValue>
              <pnp:DataValue FieldName="FileLeafRef">70_.000</pnp:DataValue>
              <pnp:DataValue FieldName="MetaInfo"></pnp:DataValue>
            </pnp:DataRow>
            <pnp:DataRow>
              <pnp:DataValue FieldName="Title">Pulse</pnp:DataValue>
              <pnp:DataValue FieldName="LanguageTag">de</pnp:DataValue>
              <pnp:DataValue FieldName="Load">True</pnp:DataValue>
              <pnp:DataValue FieldName="Text">Wie hoch ist der Puls?</pnp:DataValue>
              <pnp:DataValue FieldName="Order">8000</pnp:DataValue>
              <pnp:DataValue FieldName="FileLeafRef">80_.000</pnp:DataValue>
              <pnp:DataValue FieldName="MetaInfo"></pnp:DataValue>
            </pnp:DataRow>
            <pnp:DataRow>
              <pnp:DataValue FieldName="Title">SystolischerWert</pnp:DataValue>
              <pnp:DataValue FieldName="LanguageTag">de</pnp:DataValue>
              <pnp:DataValue FieldName="Load">True</pnp:DataValue>
              <pnp:DataValue FieldName="Text">Wie hoch ist der systolische Wert?</pnp:DataValue>
              <pnp:DataValue FieldName="Order">8100</pnp:DataValue>
              <pnp:DataValue FieldName="FileLeafRef">81_.000</pnp:DataValue>
              <pnp:DataValue FieldName="MetaInfo"></pnp:DataValue>
            </pnp:DataRow>
            <pnp:DataRow>
              <pnp:DataValue FieldName="Title">DiastolischeWert</pnp:DataValue>
              <pnp:DataValue FieldName="LanguageTag">de</pnp:DataValue>
              <pnp:DataValue FieldName="Load">True</pnp:DataValue>
              <pnp:DataValue FieldName="Text">Wie hoch ist der diastolische Wert?</pnp:DataValue>
              <pnp:DataValue FieldName="Order">8200</pnp:DataValue>
              <pnp:DataValue FieldName="FileLeafRef">82_.000</pnp:DataValue>
              <pnp:DataValue FieldName="MetaInfo"></pnp:DataValue>
            </pnp:DataRow>
            <pnp:DataRow>
              <pnp:DataValue FieldName="Title">Kommunikationsart</pnp:DataValue>
              <pnp:DataValue FieldName="LanguageTag">de</pnp:DataValue>
              <pnp:DataValue FieldName="Load">True</pnp:DataValue>
              <pnp:DataValue FieldName="Text">Kommunikationsart</pnp:DataValue>
              <pnp:DataValue FieldName="Order">8300</pnp:DataValue>
              <pnp:DataValue FieldName="FileLeafRef">83_.000</pnp:DataValue>
              <pnp:DataValue FieldName="MetaInfo"></pnp:DataValue>
            </pnp:DataRow>
            <pnp:DataRow>
              <pnp:DataValue FieldName="Title">Language</pnp:DataValue>
              <pnp:DataValue FieldName="LanguageTag">de</pnp:DataValue>
              <pnp:DataValue FieldName="Load">True</pnp:DataValue>
              <pnp:DataValue FieldName="Text">Sprache</pnp:DataValue>
              <pnp:DataValue FieldName="Order">8400</pnp:DataValue>
              <pnp:DataValue FieldName="FileLeafRef">84_.000</pnp:DataValue>
              <pnp:DataValue FieldName="MetaInfo"></pnp:DataValue>
            </pnp:DataRow>
            <pnp:DataRow>
              <pnp:DataValue FieldName="Title">Field2_Number</pnp:DataValue>
              <pnp:DataValue FieldName="LanguageTag">de</pnp:DataValue>
              <pnp:DataValue FieldName="Load">True</pnp:DataValue>
              <pnp:DataValue FieldName="Text">Feld2 (Nummer)</pnp:DataValue>
              <pnp:DataValue FieldName="Order">8600</pnp:DataValue>
              <pnp:DataValue FieldName="FileLeafRef">86_.000</pnp:DataValue>
              <pnp:DataValue FieldName="MetaInfo"></pnp:DataValue>
            </pnp:DataRow>
            <pnp:DataRow>
              <pnp:DataValue FieldName="Title">Field3_Date</pnp:DataValue>
              <pnp:DataValue FieldName="LanguageTag">de</pnp:DataValue>
              <pnp:DataValue FieldName="Load">True</pnp:DataValue>
              <pnp:DataValue FieldName="Text">Feld3 (Datum)</pnp:DataValue>
              <pnp:DataValue FieldName="Order">8700</pnp:DataValue>
              <pnp:DataValue FieldName="FileLeafRef">87_.000</pnp:DataValue>
              <pnp:DataValue FieldName="MetaInfo"></pnp:DataValue>
            </pnp:DataRow>
            <pnp:DataRow>
              <pnp:DataValue FieldName="Title">Field4_Radio</pnp:DataValue>
              <pnp:DataValue FieldName="LanguageTag">de</pnp:DataValue>
              <pnp:DataValue FieldName="Load">True</pnp:DataValue>
              <pnp:DataValue FieldName="Text">Feld4 (Radio)</pnp:DataValue>
              <pnp:DataValue FieldName="Order">8800</pnp:DataValue>
              <pnp:DataValue FieldName="FileLeafRef">88_.000</pnp:DataValue>
              <pnp:DataValue FieldName="MetaInfo"></pnp:DataValue>
            </pnp:DataRow>
            <pnp:DataRow>
              <pnp:DataValue FieldName="Title">Field5_Combobox</pnp:DataValue>
              <pnp:DataValue FieldName="LanguageTag">de</pnp:DataValue>
              <pnp:DataValue FieldName="Load">True</pnp:DataValue>
              <pnp:DataValue FieldName="Text">Feld5 (Combobox)</pnp:DataValue>
              <pnp:DataValue FieldName="Order">8900</pnp:DataValue>
              <pnp:DataValue FieldName="FileLeafRef">89_.000</pnp:DataValue>
              <pnp:DataValue FieldName="MetaInfo"></pnp:DataValue>
            </pnp:DataRow>
            <pnp:DataRow>
              <pnp:DataValue FieldName="Title">Field2_Number</pnp:DataValue>
              <pnp:DataValue FieldName="LanguageTag">en</pnp:DataValue>
              <pnp:DataValue FieldName="Load">True</pnp:DataValue>
              <pnp:DataValue FieldName="Text">Field2 (Number)</pnp:DataValue>
              <pnp:DataValue FieldName="Order">9100</pnp:DataValue>
              <pnp:DataValue FieldName="FileLeafRef">91_.000</pnp:DataValue>
              <pnp:DataValue FieldName="MetaInfo"></pnp:DataValue>
            </pnp:DataRow>
            <pnp:DataRow>
              <pnp:DataValue FieldName="Title">Field3_Date</pnp:DataValue>
              <pnp:DataValue FieldName="LanguageTag">en</pnp:DataValue>
              <pnp:DataValue FieldName="Load">True</pnp:DataValue>
              <pnp:DataValue FieldName="Text">Field3 (Date)</pnp:DataValue>
              <pnp:DataValue FieldName="Order">9200</pnp:DataValue>
              <pnp:DataValue FieldName="FileLeafRef">92_.000</pnp:DataValue>
              <pnp:DataValue FieldName="MetaInfo"></pnp:DataValue>
            </pnp:DataRow>
            <pnp:DataRow>
              <pnp:DataValue FieldName="Title">Field4_Radio</pnp:DataValue>
              <pnp:DataValue FieldName="LanguageTag">en</pnp:DataValue>
              <pnp:DataValue FieldName="Load">True</pnp:DataValue>
              <pnp:DataValue FieldName="Text">Field4 (Radio)</pnp:DataValue>
              <pnp:DataValue FieldName="Order">9300</pnp:DataValue>
              <pnp:DataValue FieldName="FileLeafRef">93_.000</pnp:DataValue>
              <pnp:DataValue FieldName="MetaInfo"></pnp:DataValue>
            </pnp:DataRow>
            <pnp:DataRow>
              <pnp:DataValue FieldName="Title">Field5_Combobox</pnp:DataValue>
              <pnp:DataValue FieldName="LanguageTag">en</pnp:DataValue>
              <pnp:DataValue FieldName="Load">True</pnp:DataValue>
              <pnp:DataValue FieldName="Text">Field5 (Combobox)</pnp:DataValue>
              <pnp:DataValue FieldName="Order">9400</pnp:DataValue>
              <pnp:DataValue FieldName="FileLeafRef">94_.000</pnp:DataValue>
              <pnp:DataValue FieldName="MetaInfo"></pnp:DataValue>
            </pnp:DataRow>
            <pnp:DataRow>
              <pnp:DataValue FieldName="Title">Language</pnp:DataValue>
              <pnp:DataValue FieldName="LanguageTag">en</pnp:DataValue>
              <pnp:DataValue FieldName="Load">True</pnp:DataValue>
              <pnp:DataValue FieldName="Text">Language</pnp:DataValue>
              <pnp:DataValue FieldName="Order">9500</pnp:DataValue>
              <pnp:DataValue FieldName="FileLeafRef">95_.000</pnp:DataValue>
              <pnp:DataValue FieldName="MetaInfo"></pnp:DataValue>
            </pnp:DataRow>
            <pnp:DataRow>
              <pnp:DataValue FieldName="Title">Kommunikationsart</pnp:DataValue>
              <pnp:DataValue FieldName="LanguageTag">en</pnp:DataValue>
              <pnp:DataValue FieldName="Load">True</pnp:DataValue>
              <pnp:DataValue FieldName="Text">Type of communication</pnp:DataValue>
              <pnp:DataValue FieldName="Order">9600</pnp:DataValue>
              <pnp:DataValue FieldName="FileLeafRef">96_.000</pnp:DataValue>
              <pnp:DataValue FieldName="MetaInfo"></pnp:DataValue>
            </pnp:DataRow>
            <pnp:DataRow>
              <pnp:DataValue FieldName="Title">DiastolischeWert</pnp:DataValue>
              <pnp:DataValue FieldName="LanguageTag">en</pnp:DataValue>
              <pnp:DataValue FieldName="Load">True</pnp:DataValue>
              <pnp:DataValue FieldName="Text">Diastolic value</pnp:DataValue>
              <pnp:DataValue FieldName="Order">9700</pnp:DataValue>
              <pnp:DataValue FieldName="FileLeafRef">97_.000</pnp:DataValue>
              <pnp:DataValue FieldName="MetaInfo"></pnp:DataValue>
            </pnp:DataRow>
            <pnp:DataRow>
              <pnp:DataValue FieldName="Title">SystolischerWert</pnp:DataValue>
              <pnp:DataValue FieldName="LanguageTag">en</pnp:DataValue>
              <pnp:DataValue FieldName="Load">True</pnp:DataValue>
              <pnp:DataValue FieldName="Text">Systolic value</pnp:DataValue>
              <pnp:DataValue FieldName="Order">9800</pnp:DataValue>
              <pnp:DataValue FieldName="FileLeafRef">98_.000</pnp:DataValue>
              <pnp:DataValue FieldName="MetaInfo"></pnp:DataValue>
            </pnp:DataRow>
            <pnp:DataRow>
              <pnp:DataValue FieldName="Title">Pulse</pnp:DataValue>
              <pnp:DataValue FieldName="LanguageTag">en</pnp:DataValue>
              <pnp:DataValue FieldName="Load">True</pnp:DataValue>
              <pnp:DataValue FieldName="Text">Pulse</pnp:DataValue>
              <pnp:DataValue FieldName="Order">9900</pnp:DataValue>
              <pnp:DataValue FieldName="FileLeafRef">99_.000</pnp:DataValue>
              <pnp:DataValue FieldName="MetaInfo"></pnp:DataValue>
            </pnp:DataRow>
            <pnp:DataRow>
              <pnp:DataValue FieldName="Title">Field1_Text</pnp:DataValue>
              <pnp:DataValue FieldName="LanguageTag">de</pnp:DataValue>
              <pnp:DataValue FieldName="Load">True</pnp:DataValue>
              <pnp:DataValue FieldName="Text">Feld1 (Text)</pnp:DataValue>
              <pnp:DataValue FieldName="Order">10000</pnp:DataValue>
              <pnp:DataValue FieldName="FileLeafRef">100_.000</pnp:DataValue>
              <pnp:DataValue FieldName="MetaInfo"></pnp:DataValue>
            </pnp:DataRow>
          </pnp:DataRows>
        </pnp:ListInstance>
      </pnp:Lists>
    </pnp:ProvisioningTemplate>
  </pnp:Templates>
</pnp:Provisioning>