<?xml version="1.0" encoding="utf-8"?>
<pnp:Provisioning xmlns:pnp="http://schemas.dev.office.com/PnP/2022/09/ProvisioningSchema">
  <pnp:Preferences Generator="PnP.Framework, Version=1.18.0.0, Culture=neutral, PublicKeyToken=0d501f89f11b748c" />
  <pnp:Templates ID="CONTAINER-TEMPLATE-2F67AA4D966647A0A6E1108D56CE11C7">
    <pnp:ProvisioningTemplate ID="TEMPLATE-2F67AA4D966647A0A6E1108D56CE11C7" Version="1" BaseSiteTemplate="GROUP#0" Scope="RootSite">
      <pnp:SiteFields>
        <Field ID="{9889a80f-c9ec-41d8-a359-ac5fb5c4cfa2}" Name="_SPCallToAction" StaticName="_SPCallToAction" DisplayName="Handlungsaufruf" Type="Note" SourceID="http://schemas.microsoft.com/sharepoint/v3" Group="_Hidden" Description="" AllowDeletion="FALSE" ShowInNewForm="FALSE" ShowInEditForm="FALSE" ShowInDisplayForm="FALSE" ShowInViewForms="FALSE" ShowInListSettings="FALSE" />
        <Field ID="{86EBE41F-255F-4170-B040-9977528A8BF5}" Name="_SPCollaborators" StaticName="_SPCollaborators" DisplayName="Mitarbeiter" Type="Note" SourceID="http://schemas.microsoft.com/sharepoint/v3" Group="_Hidden" Description="" AllowDeletion="FALSE" ShowInNewForm="FALSE" ShowInEditForm="FALSE" ShowInDisplayForm="FALSE" ShowInViewForms="FALSE" ShowInListSettings="FALSE" ReadOnly="TRUE" Hidden="TRUE" />
        <Field ID="{cb19284a-cde7-4570-a980-1dab8bd74470}" Name="_ExtendedDescription" SourceID="http://schemas.microsoft.com/sharepoint/v3" StaticName="_ExtendedDescription" DisplayName="Beschreibung" Group="Erweiterte Spalten" RichText="TRUE" ShowInEditForm="FALSE" RichTextMode="Compatible" CanToggleHidden="TRUE" Type="Note" />
        <Field ID="{AC9CE95B-F081-4B8A-BB19-2F4427D44674}" Name="_ExpirationDate" SourceID="http://schemas.microsoft.com/sharepoint/v3" StaticName="_ExpirationDate" Hidden="TRUE" Group="_Hidden" ReadOnly="TRUE" Type="Lookup" List="Docs" ShowField="ExpirationDate" DisplayName="Ablaufdatum" FromBaseType="TRUE" DisplaceOnUpgrade="TRUE" FieldRef="ID" JoinColName="DoclibRowId" JoinRowOrdinal="0" JoinType="INNER" />
        <Field ID="{08D89A66-4634-42B8-9D5A-0C27395A48B3}" Name="TriggerFlowInfo" SourceID="http://schemas.microsoft.com/sharepoint/v3" Required="FALSE" ShowInFileDlg="FALSE" Hidden="TRUE" ShowInNewForm="FALSE" ShowInEditForm="FALSE" ReadOnlyEnforced="FALSE" ReadOnly="TRUE" DisplaceOnUpgrade="TRUE" StaticName="TriggerFlowInfo" Type="Text" DisplayName="Flow-Info auslösen" Sortable="FALSE" />
        <Field ID="{4C321A6D-2A91-428B-8296-59408B35901A}" Name="_SourceDynamicSectionId" StaticName="_SourceDynamicSectionId" DisplayName="sourceDynamicPageId" Type="Text" SourceID="http://schemas.microsoft.com/sharepoint/v3" Group="_Hidden" Indexed="TRUE" Description="" ShowInEditForm="FALSE" AllowDeletion="FALSE" Hidden="TRUE" />
        <Field ID="{D8A77D76-536B-45D2-8B9B-E4E9B00CF3DC}" Name="_Emoji" SourceID="http://schemas.microsoft.com/sharepoint/v3" Required="FALSE" Hidden="TRUE" ShowInFileDlg="FALSE" ShowInNewForm="FALSE" ShowInEditForm="FALSE" DisplaceOnUpgrade="TRUE" StaticName="_Emoji" Type="Text" DisplayName="Emoji" Sortable="FALSE" />
        <Field ID="{ff41708b-e251-4237-a060-bea44657e8dc}" Name="_SPAssetFolderId" StaticName="_SPAssetFolderId" DisplayName="Ressourcenordner-ID" Type="Number" SourceID="http://schemas.microsoft.com/sharepoint/v3" Group="_Hidden" Description="" ReadOnly="TRUE" AllowDeletion="FALSE" Hidden="TRUE" />
        <Field ID="{0F17D094-F613-4D33-8031-7B22650AAD78}" Name="MediaUserMetadata" SourceID="http://schemas.microsoft.com/sharepoint/v3" Required="FALSE" Hidden="TRUE" Group="_Hidden" Sealed="TRUE" UnlimitedLengthInDocumentLibrary="TRUE" ShowInFileDlg="FALSE" ShowInNewForm="FALSE" ShowInEditForm="FALSE" ShowInDisplayForm="FALSE" ShowInViewForms="FALSE" ShowInListSettings="FALSE" DisplaceOnUpgrade="TRUE" StaticName="MediaUserMetadata" Type="Note" DisplayName="Medienbenutzermetadaten" Sortable="FALSE" />
        <Field ID="{DCA4E5A0-0887-4480-8F7B-EFCF76B76413}" Name="MediaGeneratedMetadata" SourceID="http://schemas.microsoft.com/sharepoint/v3" Required="FALSE" Hidden="TRUE" Group="_Hidden" Sealed="TRUE" UnlimitedLengthInDocumentLibrary="TRUE" ShowInFileDlg="FALSE" ShowInNewForm="FALSE" ShowInEditForm="FALSE" ShowInDisplayForm="FALSE" ShowInViewForms="FALSE" ShowInListSettings="FALSE" DisplaceOnUpgrade="TRUE" StaticName="MediaGeneratedMetadata" Type="Note" DisplayName="Mediengenerierte Metadaten" Sortable="FALSE" />
        <Field ID="{577d74a4-b828-4c3c-bfcd-b16d76cdbc0a}" Name="ComplianceTagAppId" SourceID="http://schemas.microsoft.com/sharepoint/v3" Required="FALSE" ShowInFileDlg="FALSE" ShowInNewForm="FALSE" ShowInEditForm="FALSE" Hidden="TRUE" DisplaceOnUpgrade="TRUE" ReadOnly="TRUE" StaticName="ComplianceTagAppId" Type="Text" DisplayName="Von App-ID angewendete Bezeichnung" Sortable="FALSE" />
        <Field ID="{3BDAB9AC-9E5D-44D4-BDE9-13B37E170618}" Name="_ColorHex" SourceID="http://schemas.microsoft.com/sharepoint/v3" Required="FALSE" Hidden="TRUE" ShowInFileDlg="FALSE" ShowInNewForm="FALSE" ShowInEditForm="FALSE" DisplaceOnUpgrade="TRUE" StaticName="_ColorHex" Type="Text" DisplayName="Farbe" Sortable="FALSE" />
        <Field ID="{76D13CD2-1BAE-45A5-8B74-545B87B65037}" Name="_ColorTag" SourceID="http://schemas.microsoft.com/sharepoint/v3" Required="FALSE" ShowInFileDlg="FALSE" ShowInNewForm="FALSE" ShowInEditForm="FALSE" ReadOnly="TRUE" DisplaceOnUpgrade="TRUE" Type="Text" StaticName="_ColorTag" DisplayName="Farbkennzeichnung" Sortable="TRUE" />
        <Field ID="{3A8EE3F8-166B-4394-B3E2-E98DCF86A847}" Name="A2ODMountCount" SourceID="http://schemas.microsoft.com/sharepoint/v3" StaticName="A2ODMountCount" Hidden="TRUE" Group="_Hidden" ReadOnly="TRUE" Type="Lookup" List="Docs" ShowField="A2ODMountCount" DisplayName="A2OD-Bereitstellungsanzahl" FromBaseType="TRUE" DisplaceOnUpgrade="TRUE" FieldRef="ID" JoinColName="DoclibRowId" JoinRowOrdinal="0" JoinType="INNER" />
        <Field ID="{031C92FD-9CB6-4AC8-8F5F-636D28E37079}" Name="_SPAuthoringMetadata" StaticName="_SPAuthoringMetadata" DisplayName="Metadaten werden erstellt" Type="Note" SourceID="http://schemas.microsoft.com/sharepoint/v3" Group="_Hidden" Description="" AllowDeletion="FALSE" ShowInNewForm="FALSE" ShowInEditForm="FALSE" ShowInDisplayForm="FALSE" ShowInViewForms="FALSE" ShowInListSettings="FALSE" ReadOnly="TRUE" Hidden="TRUE" />
      </pnp:SiteFields>
      <pnp:Lists>
        <pnp:ListInstance Title="pssCheckpoints" Description="" DocumentTemplate="" TemplateType="100" Url="Lists/Checkpoints" EnableVersioning="true" MinorVersionLimit="0" MaxVersionLimit="50" DraftVersionVisibility="0" TemplateFeatureID="00bfea71-de22-43b2-a848-c05709900100" EnableAttachments="false" EnableFolderCreation="false" NoCrawl="true" DefaultDisplayFormUrl="{site}/Lists/Checkpoints/DispForm.aspx" DefaultEditFormUrl="{site}/Lists/Checkpoints/EditForm.aspx" DefaultNewFormUrl="{site}/Lists/Checkpoints/NewForm.aspx" ImageUrl="/_layouts/15/images/itgen.png?rev=47" IrmExpire="false" IrmReject="false" IsApplicationList="false" ValidationFormula="" ValidationMessage="">
          <pnp:PropertyBagEntries>
            <pnp:PropertyBagEntry Key="wte_Source" Value="https://pobvol.sharepoint.com/sites/psschecklists/Lists/Checklists/AllItems.aspx" Overwrite="false" />
          </pnp:PropertyBagEntries>
          <pnp:ContentTypeBindings>
            <pnp:ContentTypeBinding ContentTypeID="0x01" Default="true" />
            <pnp:ContentTypeBinding ContentTypeID="0x0120" />
          </pnp:ContentTypeBindings>
          <pnp:Views>
            <View Name="{DA1AB2A1-8526-445A-8284-44AF6F8921D0}" DefaultView="TRUE" MobileView="TRUE" MobileDefaultView="TRUE" Type="HTML" DisplayName="Alle Elemente" Url="{site}/Lists/Checkpoints/AllItems.aspx" Level="1" BaseViewID="1" ContentTypeID="0x" ImageUrl="/_layouts/15/images/generic.png?rev=47">
              <Query>
                <OrderBy>
                  <FieldRef Name="Modified" Ascending="FALSE" />
                </OrderBy>
              </Query>
              <ViewFields>
                <FieldRef Name="ID" />
                <FieldRef Name="LinkTitle" />
                <FieldRef Name="Checkpoint" />
                <FieldRef Name="Pos" />
                <FieldRef Name="Required" />
                <FieldRef Name="FlexForm" />
                <FieldRef Name="PossibleStatus" />
                <FieldRef Name="Status1" />
                <FieldRef Name="Status2" />
                <FieldRef Name="Status3" />
                <FieldRef Name="Status4" />
                <FieldRef Name="Status5" />
                <FieldRef Name="Load" />
                <FieldRef Name="Modified" />
              </ViewFields>
              <RowLimit Paged="TRUE">30</RowLimit>
              <JSLink>clienttemplates.js</JSLink>
              <CustomFormatter><![CDATA[]]></CustomFormatter>
              <ColumnWidth>
                <FieldRef Name="Title" width="200" />
                <FieldRef Name="Formular" width="204" />
                <FieldRef Name="Bauteil" width="346" />
                <FieldRef Name="Pos" width="119.20001220703125" />
                <FieldRef Name="SourceId" width="164" />
                <FieldRef Name="FlexForm" width="168" />
                <FieldRef Name="LanguageTag" width="188" />
                <FieldRef Name="ServiceartText" width="289" />
                <FieldRef Name="Serviceart" width="192" />
                <FieldRef Name="Geraetetyp" width="185" />
                <FieldRef Name="ChecklisteText" width="238.77777099609375" />
                <FieldRef Name="Checkliste" width="208.77777099609375" />
                <FieldRef Name="Checkpunkt" width="200.236083984375" />
                <FieldRef Name="ID" width="110" />
              </ColumnWidth>
            </View>
          </pnp:Views>
          <pnp:Fields>
            <Field CommaSeparator="FALSE" CustomUnitOnRight="TRUE" Decimals="0" DisplayName="Pos" Format="Dropdown" IsModern="TRUE" Name="Pos" Percentage="FALSE" Title="Pos" Type="Number" Unit="None" ID="{02d19817-0912-40d9-bd2f-b796618fbc17}" StaticName="Pos" ColName="float1" RowOrdinal="0" SourceID="{{listid:pssCheckpoints}}" CustomFormatter="" Required="TRUE" EnforceUniqueValues="FALSE" Indexed="FALSE" Version="3" />
            <Field Type="Text" DisplayName="Checkpoint" Required="TRUE" EnforceUniqueValues="FALSE" Indexed="TRUE" MaxLength="32" ID="{2fa3d90e-bbc6-4a87-93cc-56b23e9349c5}" SourceID="{{listid:pssCheckpoints}}" StaticName="Checkpoint" Name="Checkpoint" ColName="nvarchar7" RowOrdinal="0" CustomFormatter="" Version="2" />
            <Field Type="Note" DisplayName="FlexForm" Required="FALSE" EnforceUniqueValues="FALSE" Indexed="FALSE" NumLines="5" RichText="FALSE" Sortable="FALSE" ID="{3b8bad27-ffb3-4583-8aa1-acf2bd289433}" StaticName="FlexForm" Name="FlexForm" ColName="ntext2" RowOrdinal="0" SourceID="{{listid:pssCheckpoints}}" />
            <Field Type="Note" DisplayName="PossibleStatus" Required="FALSE" EnforceUniqueValues="FALSE" Indexed="FALSE" NumLines="6" RichText="FALSE" Sortable="FALSE" ID="{9abc943c-6aea-4766-bf29-2c3694b5baa3}" StaticName="PossibleStatus" Name="PossibleStatus" ColName="ntext3" RowOrdinal="0" SourceID="{{listid:pssCheckpoints}}" />
            <Field Type="Boolean" DisplayName="Required" EnforceUniqueValues="FALSE" Indexed="FALSE" ID="{0c5ec168-ad2f-4afc-9045-dfb221ccebdc}" StaticName="Required" Name="Required" ColName="bit1" RowOrdinal="0" SourceID="{{listid:pssCheckpoints}}" CustomFormatter="" Required="FALSE" Version="1">
              <Default>1</Default>
            </Field>
            <Field Type="Boolean" DisplayName="Load" EnforceUniqueValues="FALSE" Indexed="FALSE" ID="{2c6afc8a-3731-4508-b361-20c3d4d85a62}" SourceID="{{listid:pssCheckpoints}}" StaticName="Load" Name="Load" ColName="bit2" RowOrdinal="0">
              <Default>1</Default>
            </Field>
            <Field Type="Text" DisplayName="Status1" Required="FALSE" EnforceUniqueValues="FALSE" Indexed="FALSE" MaxLength="32" ID="{f88cb858-8e67-4d75-a39b-d2f6c03ab575}" SourceID="{{listid:pssCheckpoints}}" StaticName="Status1" Name="Status1" ColName="nvarchar8" RowOrdinal="0" />
            <Field Type="Text" DisplayName="Status2" Required="FALSE" EnforceUniqueValues="FALSE" Indexed="FALSE" MaxLength="32" ID="{d9b4a623-6d47-4f41-847c-61c2cbba2df5}" SourceID="{{listid:pssCheckpoints}}" StaticName="Status2" Name="Status2" ColName="nvarchar9" RowOrdinal="0" />
            <Field Type="Text" DisplayName="Status5" Required="FALSE" EnforceUniqueValues="FALSE" Indexed="FALSE" MaxLength="32" ID="{f78db648-2861-4a2d-bf57-7462c1dc1356}" SourceID="{{listid:pssCheckpoints}}" StaticName="Status5" Name="Status5" ColName="nvarchar12" RowOrdinal="0" />
            <Field Type="Text" DisplayName="Status3" Required="FALSE" EnforceUniqueValues="FALSE" Indexed="FALSE" MaxLength="32" ID="{324ba176-d32b-4e06-a229-80ca17f69516}" SourceID="{{listid:pssCheckpoints}}" StaticName="Status3" Name="Status3" ColName="nvarchar10" RowOrdinal="0" />
            <Field Type="Text" DisplayName="Status4" Required="FALSE" EnforceUniqueValues="FALSE" Indexed="FALSE" MaxLength="32" ID="{0ed9d4d7-894e-4509-b5a4-dfc5f0af5c75}" SourceID="{{listid:pssCheckpoints}}" StaticName="Status4" Name="Status4" ColName="nvarchar11" RowOrdinal="0" />
          </pnp:Fields>
          <pnp:FieldRefs>
            <pnp:FieldRef ID="fa564e0f-0c70-4ab9-b863-0177e6ddd247" Name="Title" Required="true" DisplayName="Title" />
            <pnp:FieldRef ID="76d13cd2-1bae-45a5-8b74-545b87b65037" Name="_ColorTag" DisplayName="Farbkennzeichnung" />
          </pnp:FieldRefs>
        </pnp:ListInstance>
      </pnp:Lists>
    </pnp:ProvisioningTemplate>
  </pnp:Templates>
</pnp:Provisioning>