<?xml version="1.0" encoding="utf-8"?>
<pnp:Provisioning xmlns:pnp="http://schemas.dev.office.com/PnP/2022/09/ProvisioningSchema">
  <pnp:Preferences Generator="PnP.Framework, Version=1.18.0.0, Culture=neutral, PublicKeyToken=0d501f89f11b748c" />
  <pnp:Templates ID="CONTAINER-TEMPLATE-5F5EDE3B4F27463A9C8DA437707D130B">
    <pnp:ProvisioningTemplate ID="TEMPLATE-5F5EDE3B4F27463A9C8DA437707D130B" Version="1" BaseSiteTemplate="GROUP#0" Scope="RootSite">
      <pnp:SiteFields>
        <Field ID="{9889a80f-c9ec-41d8-a359-ac5fb5c4cfa2}" Name="_SPCallToAction" StaticName="_SPCallToAction" DisplayName="Handlungsaufruf" Type="Note" SourceID="http://schemas.microsoft.com/sharepoint/v3" Group="_Hidden" Description="" AllowDeletion="FALSE" ShowInNewForm="FALSE" ShowInEditForm="FALSE" ShowInDisplayForm="FALSE" ShowInViewForms="FALSE" ShowInListSettings="FALSE" />
        <Field ID="{86EBE41F-255F-4170-B040-9977528A8BF5}" Name="_SPCollaborators" StaticName="_SPCollaborators" DisplayName="Mitarbeiter" Type="Note" SourceID="http://schemas.microsoft.com/sharepoint/v3" Group="_Hidden" Description="" AllowDeletion="FALSE" ShowInNewForm="FALSE" ShowInEditForm="FALSE" ShowInDisplayForm="FALSE" ShowInViewForms="FALSE" ShowInListSettings="FALSE" ReadOnly="TRUE" Hidden="TRUE" />
        <Field ID="{cb19284a-cde7-4570-a980-1dab8bd74470}" Name="_ExtendedDescription" SourceID="http://schemas.microsoft.com/sharepoint/v3" StaticName="_ExtendedDescription" DisplayName="Beschreibung" Group="Erweiterte Spalten" RichText="TRUE" ShowInEditForm="FALSE" RichTextMode="Compatible" CanToggleHidden="TRUE" Type="Note" />
        <Field ID="{AC9CE95B-F081-4B8A-BB19-2F4427D44674}" Name="_ExpirationDate" SourceID="http://schemas.microsoft.com/sharepoint/v3" StaticName="_ExpirationDate" Hidden="TRUE" Group="_Hidden" ReadOnly="TRUE" Type="Lookup" List="Docs" ShowField="ExpirationDate" DisplayName="Ablaufdatum" FromBaseType="TRUE" DisplaceOnUpgrade="TRUE" FieldRef="ID" JoinColName="DoclibRowId" JoinRowOrdinal="0" JoinType="INNER" />
        <Field ID="{08D89A66-4634-42B8-9D5A-0C27395A48B3}" Name="TriggerFlowInfo" SourceID="http://schemas.microsoft.com/sharepoint/v3" Required="FALSE" ShowInFileDlg="FALSE" Hidden="TRUE" ShowInNewForm="FALSE" ShowInEditForm="FALSE" ReadOnlyEnforced="FALSE" ReadOnly="TRUE" DisplaceOnUpgrade="TRUE" StaticName="TriggerFlowInfo" Type="Text" DisplayName="Flow-Info auslösen" Sortable="FALSE" />
        <Field ID="{4C321A6D-2A91-428B-8296-59408B35901A}" Name="_SourceDynamicSectionId" StaticName="_SourceDynamicSectionId" DisplayName="sourceDynamicPageId" Type="Text" SourceID="http://schemas.microsoft.com/sharepoint/v3" Group="_Hidden" Indexed="TRUE" Description="" ShowInEditForm="FALSE" AllowDeletion="FALSE" Hidden="TRUE" />
        <Field ID="{D8A77D76-536B-45D2-8B9B-E4E9B00CF3DC}" Name="_Emoji" SourceID="http://schemas.microsoft.com/sharepoint/v3" Required="FALSE" Hidden="TRUE" ShowInFileDlg="FALSE" ShowInNewForm="FALSE" ShowInEditForm="FALSE" DisplaceOnUpgrade="TRUE" StaticName="_Emoji" Type="Text" DisplayName="Emoji" Sortable="FALSE" />
        <Field ID="{ff41708b-e251-4237-a060-bea44657e8dc}" Name="_SPAssetFolderId" StaticName="_SPAssetFolderId" DisplayName="Ressourcenordner-ID" Type="Number" SourceID="http://schemas.microsoft.com/sharepoint/v3" Group="_Hidden" Description="" ReadOnly="TRUE" AllowDeletion="FALSE" Hidden="TRUE" />
        <Field ID="{0F17D094-F613-4D33-8031-7B22650AAD78}" Name="MediaUserMetadata" SourceID="http://schemas.microsoft.com/sharepoint/v3" Required="FALSE" Hidden="TRUE" Group="_Hidden" Sealed="TRUE" UnlimitedLengthInDocumentLibrary="TRUE" ShowInFileDlg="FALSE" ShowInNewForm="FALSE" ShowInEditForm="FALSE" ShowInDisplayForm="FALSE" ShowInViewForms="FALSE" ShowInListSettings="FALSE" DisplaceOnUpgrade="TRUE" StaticName="MediaUserMetadata" Type="Note" DisplayName="Medienbenutzermetadaten" Sortable="FALSE" />
        <Field ID="{DCA4E5A0-0887-4480-8F7B-EFCF76B76413}" Name="MediaGeneratedMetadata" SourceID="http://schemas.microsoft.com/sharepoint/v3" Required="FALSE" Hidden="TRUE" Group="_Hidden" Sealed="TRUE" UnlimitedLengthInDocumentLibrary="TRUE" ShowInFileDlg="FALSE" ShowInNewForm="FALSE" ShowInEditForm="FALSE" ShowInDisplayForm="FALSE" ShowInViewForms="FALSE" ShowInListSettings="FALSE" DisplaceOnUpgrade="TRUE" StaticName="MediaGeneratedMetadata" Type="Note" DisplayName="Mediengenerierte Metadaten" Sortable="FALSE" />
        <Field ID="{577d74a4-b828-4c3c-bfcd-b16d76cdbc0a}" Name="ComplianceTagAppId" SourceID="http://schemas.microsoft.com/sharepoint/v3" Required="FALSE" ShowInFileDlg="FALSE" ShowInNewForm="FALSE" ShowInEditForm="FALSE" Hidden="TRUE" DisplaceOnUpgrade="TRUE" ReadOnly="TRUE" StaticName="ComplianceTagAppId" Type="Text" DisplayName="Von App-ID angewendete Bezeichnung" Sortable="FALSE" />
        <Field ID="{3BDAB9AC-9E5D-44D4-BDE9-13B37E170618}" Name="_ColorHex" SourceID="http://schemas.microsoft.com/sharepoint/v3" Required="FALSE" Hidden="TRUE" ShowInFileDlg="FALSE" ShowInNewForm="FALSE" ShowInEditForm="FALSE" DisplaceOnUpgrade="TRUE" StaticName="_ColorHex" Type="Text" DisplayName="Farbe" Sortable="FALSE" />
        <Field ID="{76D13CD2-1BAE-45A5-8B74-545B87B65037}" Name="_ColorTag" SourceID="http://schemas.microsoft.com/sharepoint/v3" Required="FALSE" ShowInFileDlg="FALSE" ShowInNewForm="FALSE" ShowInEditForm="FALSE" ReadOnly="TRUE" DisplaceOnUpgrade="TRUE" Type="Text" StaticName="_ColorTag" DisplayName="Farbkennzeichnung" Sortable="TRUE" />
        <Field ID="{3A8EE3F8-166B-4394-B3E2-E98DCF86A847}" Name="A2ODMountCount" SourceID="http://schemas.microsoft.com/sharepoint/v3" StaticName="A2ODMountCount" Hidden="TRUE" Group="_Hidden" ReadOnly="TRUE" Type="Lookup" List="Docs" ShowField="A2ODMountCount" DisplayName="A2OD-Bereitstellungsanzahl" FromBaseType="TRUE" DisplaceOnUpgrade="TRUE" FieldRef="ID" JoinColName="DoclibRowId" JoinRowOrdinal="0" JoinType="INNER" />
        <Field ID="{031C92FD-9CB6-4AC8-8F5F-636D28E37079}" Name="_SPAuthoringMetadata" StaticName="_SPAuthoringMetadata" DisplayName="Metadaten werden erstellt" Type="Note" SourceID="http://schemas.microsoft.com/sharepoint/v3" Group="_Hidden" Description="" AllowDeletion="FALSE" ShowInNewForm="FALSE" ShowInEditForm="FALSE" ShowInDisplayForm="FALSE" ShowInViewForms="FALSE" ShowInListSettings="FALSE" ReadOnly="TRUE" Hidden="TRUE" />
      </pnp:SiteFields>
      <pnp:Lists>
        <pnp:ListInstance Title="pssFlexFieldsText" Description="" DocumentTemplate="" TemplateType="100" Url="Lists/pssFlexFieldsText" EnableVersioning="true" MinorVersionLimit="0" MaxVersionLimit="50" DraftVersionVisibility="0" TemplateFeatureID="00bfea71-de22-43b2-a848-c05709900100" EnableAttachments="false" EnableFolderCreation="false" NoCrawl="true" DefaultDisplayFormUrl="{site}/Lists/pssFlexFieldsText/DispForm.aspx" DefaultEditFormUrl="{site}/Lists/pssFlexFieldsText/EditForm.aspx" DefaultNewFormUrl="{site}/Lists/pssFlexFieldsText/NewForm.aspx" ImageUrl="/_layouts/15/images/itgen.png?rev=47" IrmExpire="false" IrmReject="false" IsApplicationList="false" ValidationFormula="" ValidationMessage="">
          <pnp:PropertyBagEntries>
            <pnp:PropertyBagEntry Key="wte_Source" Value="https://pobvol.sharepoint.com/sites/psschecklists/Lists/ChecklistsText/AllItems.aspx" Overwrite="false" />
          </pnp:PropertyBagEntries>
          <pnp:ContentTypeBindings>
            <pnp:ContentTypeBinding ContentTypeID="0x01" Default="true" />
            <pnp:ContentTypeBinding ContentTypeID="0x0120" />
          </pnp:ContentTypeBindings>
          <pnp:Views>
            <View Name="{F80D6CE8-9A43-4098-980A-DBF8DE58B7DD}" DefaultView="TRUE" MobileView="TRUE" MobileDefaultView="TRUE" Type="HTML" DisplayName="Alle Elemente" Url="{site}/Lists/pssFlexFieldsText/AllItems.aspx" Level="1" BaseViewID="1" ContentTypeID="0x" ImageUrl="/_layouts/15/images/generic.png?rev=47">
              <Query>
                <OrderBy />
              </Query>
              <ViewFields>
                <FieldRef Name="ID" />
                <FieldRef Name="LinkTitle" />
                <FieldRef Name="LanguageTag" />
                <FieldRef Name="Modified" />
                <FieldRef Name="Load" />
                <FieldRef Name="Text" />
              </ViewFields>
              <RowLimit Paged="TRUE">30</RowLimit>
              <JSLink>clienttemplates.js</JSLink>
              <CustomFormatter><![CDATA[]]></CustomFormatter>
              <ColumnWidth>
                <FieldRef Name="Title" width="180" />
                <FieldRef Name="Formular" width="204" />
                <FieldRef Name="Bauteil" width="346" />
                <FieldRef Name="Pos" width="90" />
                <FieldRef Name="SourceId" width="164" />
                <FieldRef Name="FlexForm" width="411" />
                <FieldRef Name="LanguageTag" width="188" />
                <FieldRef Name="ServiceartText" width="289" />
                <FieldRef Name="Serviceart" width="192" />
                <FieldRef Name="Geraetetyp" width="185" />
                <FieldRef Name="ChecklisteText" width="238.77777099609375" />
                <FieldRef Name="Checkliste" width="208.77777099609375" />
                <FieldRef Name="Checkpunkt" width="200.236083984375" />
              </ColumnWidth>
            </View>
          </pnp:Views>
          <pnp:Fields>
            <Field Type="Text" DisplayName="LanguageTag" Required="TRUE" EnforceUniqueValues="FALSE" Indexed="FALSE" MaxLength="2" ID="{6e6e8200-1e29-4ce4-85fa-163b1b0fbd02}" StaticName="LanguageTag" Name="LanguageTag" CustomFormatter="" ColName="nvarchar7" RowOrdinal="0" SourceID="{{listid:pssFlexFieldsText}}" />
            <Field Type="Boolean" DisplayName="Load" EnforceUniqueValues="FALSE" Indexed="FALSE" ID="{f7ba8c55-d3b4-4e86-a328-76bcb27dfcdd}" StaticName="Load" Name="Load" ColName="bit1" RowOrdinal="0" SourceID="{{listid:pssFlexFieldsText}}">
              <Default>1</Default>
            </Field>
            <Field Type="Text" DisplayName="Text" Required="FALSE" EnforceUniqueValues="FALSE" Indexed="FALSE" MaxLength="128" ID="{56ca9631-20be-4b23-b23c-a80bf1232757}" SourceID="{{listid:pssFlexFieldsText}}" StaticName="Text" Name="Text" ColName="nvarchar9" RowOrdinal="0" CustomFormatter="" Version="1" />
          </pnp:Fields>
          <pnp:FieldRefs>
            <pnp:FieldRef ID="fa564e0f-0c70-4ab9-b863-0177e6ddd247" Name="Title" Required="true" DisplayName="Title" />
            <pnp:FieldRef ID="76d13cd2-1bae-45a5-8b74-545b87b65037" Name="_ColorTag" DisplayName="Farbkennzeichnung" />
          </pnp:FieldRefs>
        </pnp:ListInstance>
      </pnp:Lists>
    </pnp:ProvisioningTemplate>
  </pnp:Templates>
</pnp:Provisioning>