<?xml version="1.0" encoding="utf-8"?>
<pnp:Provisioning xmlns:pnp="http://schemas.dev.office.com/PnP/2022/09/ProvisioningSchema">
  <pnp:Preferences Generator="PnP.Framework, Version=1.18.0.0, Culture=neutral, PublicKeyToken=0d501f89f11b748c" />
  <pnp:Templates ID="CONTAINER-TEMPLATE-361C3125D7EA48AE97BBE8EDA27BE4C4">
    <pnp:ProvisioningTemplate ID="TEMPLATE-361C3125D7EA48AE97BBE8EDA27BE4C4" Version="1" BaseSiteTemplate="GROUP#0" Scope="RootSite">
      <pnp:SiteFields>
        <Field ID="{9889a80f-c9ec-41d8-a359-ac5fb5c4cfa2}" Name="_SPCallToAction" StaticName="_SPCallToAction" DisplayName="Handlungsaufruf" Type="Note" SourceID="http://schemas.microsoft.com/sharepoint/v3" Group="_Hidden" Description="" AllowDeletion="FALSE" ShowInNewForm="FALSE" ShowInEditForm="FALSE" ShowInDisplayForm="FALSE" ShowInViewForms="FALSE" ShowInListSettings="FALSE" />
        <Field ID="{86EBE41F-255F-4170-B040-9977528A8BF5}" Name="_SPCollaborators" StaticName="_SPCollaborators" DisplayName="Mitarbeiter" Type="Note" SourceID="http://schemas.microsoft.com/sharepoint/v3" Group="_Hidden" Description="" AllowDeletion="FALSE" ShowInNewForm="FALSE" ShowInEditForm="FALSE" ShowInDisplayForm="FALSE" ShowInViewForms="FALSE" ShowInListSettings="FALSE" ReadOnly="TRUE" Hidden="TRUE" />
        <Field ID="{cb19284a-cde7-4570-a980-1dab8bd74470}" Name="_ExtendedDescription" SourceID="http://schemas.microsoft.com/sharepoint/v3" StaticName="_ExtendedDescription" DisplayName="Beschreibung" Group="Erweiterte Spalten" RichText="TRUE" ShowInEditForm="FALSE" RichTextMode="Compatible" CanToggleHidden="TRUE" Type="Note" />
        <Field ID="{AC9CE95B-F081-4B8A-BB19-2F4427D44674}" Name="_ExpirationDate" SourceID="http://schemas.microsoft.com/sharepoint/v3" StaticName="_ExpirationDate" Hidden="TRUE" Group="_Hidden" ReadOnly="TRUE" Type="Lookup" List="Docs" ShowField="ExpirationDate" DisplayName="Ablaufdatum" FromBaseType="TRUE" DisplaceOnUpgrade="TRUE" FieldRef="ID" JoinColName="DoclibRowId" JoinRowOrdinal="0" JoinType="INNER" />
        <Field ID="{08D89A66-4634-42B8-9D5A-0C27395A48B3}" Name="TriggerFlowInfo" SourceID="http://schemas.microsoft.com/sharepoint/v3" Required="FALSE" ShowInFileDlg="FALSE" Hidden="TRUE" ShowInNewForm="FALSE" ShowInEditForm="FALSE" ReadOnlyEnforced="FALSE" ReadOnly="TRUE" DisplaceOnUpgrade="TRUE" StaticName="TriggerFlowInfo" Type="Text" DisplayName="Flow-Info auslösen" Sortable="FALSE" />
        <Field ID="{4C321A6D-2A91-428B-8296-59408B35901A}" Name="_SourceDynamicSectionId" StaticName="_SourceDynamicSectionId" DisplayName="sourceDynamicPageId" Type="Text" SourceID="http://schemas.microsoft.com/sharepoint/v3" Group="_Hidden" Indexed="TRUE" Description="" ShowInEditForm="FALSE" AllowDeletion="FALSE" Hidden="TRUE" />
        <Field ID="{D8A77D76-536B-45D2-8B9B-E4E9B00CF3DC}" Name="_Emoji" SourceID="http://schemas.microsoft.com/sharepoint/v3" Required="FALSE" Hidden="TRUE" ShowInFileDlg="FALSE" ShowInNewForm="FALSE" ShowInEditForm="FALSE" DisplaceOnUpgrade="TRUE" StaticName="_Emoji" Type="Text" DisplayName="Emoji" Sortable="FALSE" />
        <Field ID="{ff41708b-e251-4237-a060-bea44657e8dc}" Name="_SPAssetFolderId" StaticName="_SPAssetFolderId" DisplayName="Ressourcenordner-ID" Type="Number" SourceID="http://schemas.microsoft.com/sharepoint/v3" Group="_Hidden" Description="" ReadOnly="TRUE" AllowDeletion="FALSE" Hidden="TRUE" />
        <Field ID="{0F17D094-F613-4D33-8031-7B22650AAD78}" Name="MediaUserMetadata" SourceID="http://schemas.microsoft.com/sharepoint/v3" Required="FALSE" Hidden="TRUE" Group="_Hidden" Sealed="TRUE" UnlimitedLengthInDocumentLibrary="TRUE" ShowInFileDlg="FALSE" ShowInNewForm="FALSE" ShowInEditForm="FALSE" ShowInDisplayForm="FALSE" ShowInViewForms="FALSE" ShowInListSettings="FALSE" DisplaceOnUpgrade="TRUE" StaticName="MediaUserMetadata" Type="Note" DisplayName="Medienbenutzermetadaten" Sortable="FALSE" />
        <Field ID="{DCA4E5A0-0887-4480-8F7B-EFCF76B76413}" Name="MediaGeneratedMetadata" SourceID="http://schemas.microsoft.com/sharepoint/v3" Required="FALSE" Hidden="TRUE" Group="_Hidden" Sealed="TRUE" UnlimitedLengthInDocumentLibrary="TRUE" ShowInFileDlg="FALSE" ShowInNewForm="FALSE" ShowInEditForm="FALSE" ShowInDisplayForm="FALSE" ShowInViewForms="FALSE" ShowInListSettings="FALSE" DisplaceOnUpgrade="TRUE" StaticName="MediaGeneratedMetadata" Type="Note" DisplayName="Mediengenerierte Metadaten" Sortable="FALSE" />
        <Field ID="{577d74a4-b828-4c3c-bfcd-b16d76cdbc0a}" Name="ComplianceTagAppId" SourceID="http://schemas.microsoft.com/sharepoint/v3" Required="FALSE" ShowInFileDlg="FALSE" ShowInNewForm="FALSE" ShowInEditForm="FALSE" Hidden="TRUE" DisplaceOnUpgrade="TRUE" ReadOnly="TRUE" StaticName="ComplianceTagAppId" Type="Text" DisplayName="Von App-ID angewendete Bezeichnung" Sortable="FALSE" />
        <Field ID="{3BDAB9AC-9E5D-44D4-BDE9-13B37E170618}" Name="_ColorHex" SourceID="http://schemas.microsoft.com/sharepoint/v3" Required="FALSE" Hidden="TRUE" ShowInFileDlg="FALSE" ShowInNewForm="FALSE" ShowInEditForm="FALSE" DisplaceOnUpgrade="TRUE" StaticName="_ColorHex" Type="Text" DisplayName="Farbe" Sortable="FALSE" />
        <Field ID="{76D13CD2-1BAE-45A5-8B74-545B87B65037}" Name="_ColorTag" SourceID="http://schemas.microsoft.com/sharepoint/v3" Required="FALSE" ShowInFileDlg="FALSE" ShowInNewForm="FALSE" ShowInEditForm="FALSE" ReadOnly="TRUE" DisplaceOnUpgrade="TRUE" Type="Text" StaticName="_ColorTag" DisplayName="Farbkennzeichnung" Sortable="TRUE" />
        <Field ID="{3A8EE3F8-166B-4394-B3E2-E98DCF86A847}" Name="A2ODMountCount" SourceID="http://schemas.microsoft.com/sharepoint/v3" StaticName="A2ODMountCount" Hidden="TRUE" Group="_Hidden" ReadOnly="TRUE" Type="Lookup" List="Docs" ShowField="A2ODMountCount" DisplayName="A2OD-Bereitstellungsanzahl" FromBaseType="TRUE" DisplaceOnUpgrade="TRUE" FieldRef="ID" JoinColName="DoclibRowId" JoinRowOrdinal="0" JoinType="INNER" />
        <Field ID="{031C92FD-9CB6-4AC8-8F5F-636D28E37079}" Name="_SPAuthoringMetadata" StaticName="_SPAuthoringMetadata" DisplayName="Metadaten werden erstellt" Type="Note" SourceID="http://schemas.microsoft.com/sharepoint/v3" Group="_Hidden" Description="" AllowDeletion="FALSE" ShowInNewForm="FALSE" ShowInEditForm="FALSE" ShowInDisplayForm="FALSE" ShowInViewForms="FALSE" ShowInListSettings="FALSE" ReadOnly="TRUE" Hidden="TRUE" />
      </pnp:SiteFields>
      <pnp:Lists>
        <pnp:ListInstance Title="pssLanguages" Description="" DocumentTemplate="" TemplateType="100" Url="Lists/pssLanguages" EnableVersioning="true" MinorVersionLimit="0" MaxVersionLimit="50" DraftVersionVisibility="0" TemplateFeatureID="00bfea71-de22-43b2-a848-c05709900100" EnableAttachments="false" EnableFolderCreation="false" NoCrawl="true" DefaultDisplayFormUrl="{site}/Lists/pssLanguages/DispForm.aspx" DefaultEditFormUrl="{site}/Lists/pssLanguages/EditForm.aspx" DefaultNewFormUrl="{site}/Lists/pssLanguages/NewForm.aspx" ImageUrl="/_layouts/15/images/itgen.png?rev=47" IrmExpire="false" IrmReject="false" IsApplicationList="false" ValidationFormula="" ValidationMessage="">
          <pnp:PropertyBagEntries>
            <pnp:PropertyBagEntry Key="wte_Source" Value="https://pobvol.sharepoint.com/sites/pssService/Lists/UVVSettings/AllItems.aspx" Overwrite="false" />
          </pnp:PropertyBagEntries>
          <pnp:ContentTypeBindings>
            <pnp:ContentTypeBinding ContentTypeID="0x01" Default="true" />
            <pnp:ContentTypeBinding ContentTypeID="0x0120" />
          </pnp:ContentTypeBindings>
          <pnp:Views>
            <View Name="{1889B905-CF22-4055-8AC8-1A77E40EDA05}" DefaultView="TRUE" MobileView="TRUE" MobileDefaultView="TRUE" Type="HTML" DisplayName="Alle Elemente" Url="{site}/Lists/pssLanguages/AllItems.aspx" Level="1" BaseViewID="1" ContentTypeID="0x" ImageUrl="/_layouts/15/images/generic.png?rev=47">
              <Query />
              <ViewFields>
                <FieldRef Name="ID" />
                <FieldRef Name="LinkTitle" />
                <FieldRef Name="LanguageTag" />
                <FieldRef Name="Wert" />
                <FieldRef Name="ContentType" />
                <FieldRef Name="Modified" />
                <FieldRef Name="Created" />
              </ViewFields>
              <RowLimit Paged="TRUE">30</RowLimit>
              <JSLink>clienttemplates.js</JSLink>
              <CustomFormatter><![CDATA[]]></CustomFormatter>
              <ColumnWidth>
                <FieldRef Name="Titel" width="478" />
                <FieldRef Name="Wert" width="594" />
                <FieldRef Name="LanguageTag" width="219.20001220703125" />
              </ColumnWidth>
            </View>
          </pnp:Views>
          <pnp:Fields>
            <Field Name="Wert" FromBaseType="FALSE" Type="Note" DisplayName="Wert" Required="TRUE" EnforceUniqueValues="FALSE" Indexed="FALSE" NumLines="1000" RichText="FALSE" RichTextMode="Compatible" Sortable="FALSE" ID="{94605b47-bf68-4458-b690-751de7b1669b}" StaticName="Wert" CustomFormatter="" RestrictedMode="TRUE" IsolateStyles="FALSE" AppendOnly="FALSE" ColName="ntext2" RowOrdinal="0" SourceID="{{listid:pssLanguages}}" />
            <Field Type="Text" DisplayName="LanguageTag" Required="TRUE" EnforceUniqueValues="FALSE" Indexed="TRUE" MaxLength="2" ID="{1e882b29-132d-4f56-807b-8d92bc76a3c9}" StaticName="LanguageTag" Name="LanguageTag" CustomFormatter="" ColName="nvarchar9" RowOrdinal="0" SourceID="{{listid:pssLanguages}}">
              <Default>de</Default>
            </Field>
          </pnp:Fields>
          <pnp:FieldRefs>
            <pnp:FieldRef ID="fa564e0f-0c70-4ab9-b863-0177e6ddd247" Name="Title" Required="true" DisplayName="Title" />
            <pnp:FieldRef ID="76d13cd2-1bae-45a5-8b74-545b87b65037" Name="_ColorTag" DisplayName="Farbkennzeichnung" />
          </pnp:FieldRefs>
          <pnp:DataRows UpdateBehavior="Overwrite">
            <pnp:DataRow>
              <pnp:DataValue FieldName="Title">___VERSION___</pnp:DataValue>
              <pnp:DataValue FieldName="Wert">20250411-0900</pnp:DataValue>
              <pnp:DataValue FieldName="LanguageTag">de</pnp:DataValue>
              <pnp:DataValue FieldName="Order">100</pnp:DataValue>
              <pnp:DataValue FieldName="FileLeafRef">1_.000</pnp:DataValue>
              <pnp:DataValue FieldName="MetaInfo"></pnp:DataValue>
            </pnp:DataRow>
            <pnp:DataRow>
              <pnp:DataValue FieldName="Title">___VERSION___</pnp:DataValue>
              <pnp:DataValue FieldName="Wert">20250411-0900</pnp:DataValue>
              <pnp:DataValue FieldName="LanguageTag">en</pnp:DataValue>
              <pnp:DataValue FieldName="Order">200</pnp:DataValue>
              <pnp:DataValue FieldName="FileLeafRef">2_.000</pnp:DataValue>
              <pnp:DataValue FieldName="MetaInfo"></pnp:DataValue>
            </pnp:DataRow>
            <pnp:DataRow>
              <pnp:DataValue FieldName="Title">Help</pnp:DataValue>
              <pnp:DataValue FieldName="Wert">Hilfe</pnp:DataValue>
              <pnp:DataValue FieldName="LanguageTag">de</pnp:DataValue>
              <pnp:DataValue FieldName="Order">300</pnp:DataValue>
              <pnp:DataValue FieldName="FileLeafRef">3_.000</pnp:DataValue>
              <pnp:DataValue FieldName="MetaInfo"></pnp:DataValue>
            </pnp:DataRow>
            <pnp:DataRow>
              <pnp:DataValue FieldName="Title">Help</pnp:DataValue>
              <pnp:DataValue FieldName="Wert">Help</pnp:DataValue>
              <pnp:DataValue FieldName="LanguageTag">en</pnp:DataValue>
              <pnp:DataValue FieldName="Order">400</pnp:DataValue>
              <pnp:DataValue FieldName="FileLeafRef">4_.000</pnp:DataValue>
              <pnp:DataValue FieldName="MetaInfo"></pnp:DataValue>
            </pnp:DataRow>
            <pnp:DataRow>
              <pnp:DataValue FieldName="Title">Exit</pnp:DataValue>
              <pnp:DataValue FieldName="Wert">Beenden</pnp:DataValue>
              <pnp:DataValue FieldName="LanguageTag">de</pnp:DataValue>
              <pnp:DataValue FieldName="Order">500</pnp:DataValue>
              <pnp:DataValue FieldName="FileLeafRef">5_.000</pnp:DataValue>
              <pnp:DataValue FieldName="MetaInfo"></pnp:DataValue>
            </pnp:DataRow>
            <pnp:DataRow>
              <pnp:DataValue FieldName="Title">Exit</pnp:DataValue>
              <pnp:DataValue FieldName="Wert">Exit</pnp:DataValue>
              <pnp:DataValue FieldName="LanguageTag">en</pnp:DataValue>
              <pnp:DataValue FieldName="Order">600</pnp:DataValue>
              <pnp:DataValue FieldName="FileLeafRef">6_.000</pnp:DataValue>
              <pnp:DataValue FieldName="MetaInfo"></pnp:DataValue>
            </pnp:DataRow>
            <pnp:DataRow>
              <pnp:DataValue FieldName="Title">Activities</pnp:DataValue>
              <pnp:DataValue FieldName="Wert">Aktivitäten</pnp:DataValue>
              <pnp:DataValue FieldName="LanguageTag">de</pnp:DataValue>
              <pnp:DataValue FieldName="Order">700</pnp:DataValue>
              <pnp:DataValue FieldName="FileLeafRef">7_.000</pnp:DataValue>
              <pnp:DataValue FieldName="MetaInfo"></pnp:DataValue>
            </pnp:DataRow>
            <pnp:DataRow>
              <pnp:DataValue FieldName="Title">Activities</pnp:DataValue>
              <pnp:DataValue FieldName="Wert">Activities</pnp:DataValue>
              <pnp:DataValue FieldName="LanguageTag">en</pnp:DataValue>
              <pnp:DataValue FieldName="Order">800</pnp:DataValue>
              <pnp:DataValue FieldName="FileLeafRef">8_.000</pnp:DataValue>
              <pnp:DataValue FieldName="MetaInfo"></pnp:DataValue>
            </pnp:DataRow>
            <pnp:DataRow>
              <pnp:DataValue FieldName="Title">Search…</pnp:DataValue>
              <pnp:DataValue FieldName="Wert">Suchen…</pnp:DataValue>
              <pnp:DataValue FieldName="LanguageTag">de</pnp:DataValue>
              <pnp:DataValue FieldName="Order">900</pnp:DataValue>
              <pnp:DataValue FieldName="FileLeafRef">9_.000</pnp:DataValue>
              <pnp:DataValue FieldName="MetaInfo"></pnp:DataValue>
            </pnp:DataRow>
            <pnp:DataRow>
              <pnp:DataValue FieldName="Title">Search…</pnp:DataValue>
              <pnp:DataValue FieldName="Wert">Search…</pnp:DataValue>
              <pnp:DataValue FieldName="LanguageTag">en</pnp:DataValue>
              <pnp:DataValue FieldName="Order">1000</pnp:DataValue>
              <pnp:DataValue FieldName="FileLeafRef">10_.000</pnp:DataValue>
              <pnp:DataValue FieldName="MetaInfo"></pnp:DataValue>
            </pnp:DataRow>
            <pnp:DataRow>
              <pnp:DataValue FieldName="Title">Add</pnp:DataValue>
              <pnp:DataValue FieldName="Wert">Neu</pnp:DataValue>
              <pnp:DataValue FieldName="LanguageTag">de</pnp:DataValue>
              <pnp:DataValue FieldName="Order">1100</pnp:DataValue>
              <pnp:DataValue FieldName="FileLeafRef">11_.000</pnp:DataValue>
              <pnp:DataValue FieldName="MetaInfo"></pnp:DataValue>
            </pnp:DataRow>
            <pnp:DataRow>
              <pnp:DataValue FieldName="Title">Add</pnp:DataValue>
              <pnp:DataValue FieldName="Wert">Add</pnp:DataValue>
              <pnp:DataValue FieldName="LanguageTag">en</pnp:DataValue>
              <pnp:DataValue FieldName="Order">1200</pnp:DataValue>
              <pnp:DataValue FieldName="FileLeafRef">12_.000</pnp:DataValue>
              <pnp:DataValue FieldName="MetaInfo"></pnp:DataValue>
            </pnp:DataRow>
            <pnp:DataRow>
              <pnp:DataValue FieldName="Title">Add tooltip</pnp:DataValue>
              <pnp:DataValue FieldName="Wert">Eine neue Aktivität erfassen</pnp:DataValue>
              <pnp:DataValue FieldName="LanguageTag">de</pnp:DataValue>
              <pnp:DataValue FieldName="Order">1300</pnp:DataValue>
              <pnp:DataValue FieldName="FileLeafRef">13_.000</pnp:DataValue>
              <pnp:DataValue FieldName="MetaInfo"></pnp:DataValue>
            </pnp:DataRow>
            <pnp:DataRow>
              <pnp:DataValue FieldName="Title">Add tooltip</pnp:DataValue>
              <pnp:DataValue FieldName="Wert">Add a new activity</pnp:DataValue>
              <pnp:DataValue FieldName="LanguageTag">en</pnp:DataValue>
              <pnp:DataValue FieldName="Order">1400</pnp:DataValue>
              <pnp:DataValue FieldName="FileLeafRef">14_.000</pnp:DataValue>
              <pnp:DataValue FieldName="MetaInfo"></pnp:DataValue>
            </pnp:DataRow>
            <pnp:DataRow>
              <pnp:DataValue FieldName="Title">Sort</pnp:DataValue>
              <pnp:DataValue FieldName="Wert">Sortieren</pnp:DataValue>
              <pnp:DataValue FieldName="LanguageTag">de</pnp:DataValue>
              <pnp:DataValue FieldName="Order">1500</pnp:DataValue>
              <pnp:DataValue FieldName="FileLeafRef">15_.000</pnp:DataValue>
              <pnp:DataValue FieldName="MetaInfo"></pnp:DataValue>
            </pnp:DataRow>
            <pnp:DataRow>
              <pnp:DataValue FieldName="Title">Sort</pnp:DataValue>
              <pnp:DataValue FieldName="Wert">Sort</pnp:DataValue>
              <pnp:DataValue FieldName="LanguageTag">en</pnp:DataValue>
              <pnp:DataValue FieldName="Order">1600</pnp:DataValue>
              <pnp:DataValue FieldName="FileLeafRef">16_.000</pnp:DataValue>
              <pnp:DataValue FieldName="MetaInfo"></pnp:DataValue>
            </pnp:DataRow>
            <pnp:DataRow>
              <pnp:DataValue FieldName="Title">Sort tooltip</pnp:DataValue>
              <pnp:DataValue FieldName="Wert">Liste auf-/absteigend sortieren</pnp:DataValue>
              <pnp:DataValue FieldName="LanguageTag">de</pnp:DataValue>
              <pnp:DataValue FieldName="Order">1700</pnp:DataValue>
              <pnp:DataValue FieldName="FileLeafRef">17_.000</pnp:DataValue>
              <pnp:DataValue FieldName="MetaInfo"></pnp:DataValue>
            </pnp:DataRow>
            <pnp:DataRow>
              <pnp:DataValue FieldName="Title">Sort tooltip</pnp:DataValue>
              <pnp:DataValue FieldName="Wert">Sort ascending/descending</pnp:DataValue>
              <pnp:DataValue FieldName="LanguageTag">en</pnp:DataValue>
              <pnp:DataValue FieldName="Order">1800</pnp:DataValue>
              <pnp:DataValue FieldName="FileLeafRef">18_.000</pnp:DataValue>
              <pnp:DataValue FieldName="MetaInfo"></pnp:DataValue>
            </pnp:DataRow>
            <pnp:DataRow>
              <pnp:DataValue FieldName="Title">Refresh</pnp:DataValue>
              <pnp:DataValue FieldName="Wert">Neu laden</pnp:DataValue>
              <pnp:DataValue FieldName="LanguageTag">de</pnp:DataValue>
              <pnp:DataValue FieldName="Order">1900</pnp:DataValue>
              <pnp:DataValue FieldName="FileLeafRef">19_.000</pnp:DataValue>
              <pnp:DataValue FieldName="MetaInfo"></pnp:DataValue>
            </pnp:DataRow>
            <pnp:DataRow>
              <pnp:DataValue FieldName="Title">Refresh</pnp:DataValue>
              <pnp:DataValue FieldName="Wert">Refresh</pnp:DataValue>
              <pnp:DataValue FieldName="LanguageTag">en</pnp:DataValue>
              <pnp:DataValue FieldName="Order">2000</pnp:DataValue>
              <pnp:DataValue FieldName="FileLeafRef">20_.000</pnp:DataValue>
              <pnp:DataValue FieldName="MetaInfo"></pnp:DataValue>
            </pnp:DataRow>
            <pnp:DataRow>
              <pnp:DataValue FieldName="Title">Refresh tooltip</pnp:DataValue>
              <pnp:DataValue FieldName="Wert">Die Daten vom SharePoint neu laden</pnp:DataValue>
              <pnp:DataValue FieldName="LanguageTag">de</pnp:DataValue>
              <pnp:DataValue FieldName="Order">2100</pnp:DataValue>
              <pnp:DataValue FieldName="FileLeafRef">21_.000</pnp:DataValue>
              <pnp:DataValue FieldName="MetaInfo"></pnp:DataValue>
            </pnp:DataRow>
            <pnp:DataRow>
              <pnp:DataValue FieldName="Title">Refresh tooltip</pnp:DataValue>
              <pnp:DataValue FieldName="Wert">Reload data from SharePoint</pnp:DataValue>
              <pnp:DataValue FieldName="LanguageTag">en</pnp:DataValue>
              <pnp:DataValue FieldName="Order">2200</pnp:DataValue>
              <pnp:DataValue FieldName="FileLeafRef">22_.000</pnp:DataValue>
              <pnp:DataValue FieldName="MetaInfo"></pnp:DataValue>
            </pnp:DataRow>
            <pnp:DataRow>
              <pnp:DataValue FieldName="Title">Nothing here</pnp:DataValue>
              <pnp:DataValue FieldName="Wert">Keine Daten gefunden</pnp:DataValue>
              <pnp:DataValue FieldName="LanguageTag">de</pnp:DataValue>
              <pnp:DataValue FieldName="Order">2300</pnp:DataValue>
              <pnp:DataValue FieldName="FileLeafRef">23_.000</pnp:DataValue>
              <pnp:DataValue FieldName="MetaInfo"></pnp:DataValue>
            </pnp:DataRow>
            <pnp:DataRow>
              <pnp:DataValue FieldName="Title">Nothing here</pnp:DataValue>
              <pnp:DataValue FieldName="Wert">Nothing here</pnp:DataValue>
              <pnp:DataValue FieldName="LanguageTag">en</pnp:DataValue>
              <pnp:DataValue FieldName="Order">2400</pnp:DataValue>
              <pnp:DataValue FieldName="FileLeafRef">24_.000</pnp:DataValue>
              <pnp:DataValue FieldName="MetaInfo"></pnp:DataValue>
            </pnp:DataRow>
            <pnp:DataRow>
              <pnp:DataValue FieldName="Title">Activities tooltip</pnp:DataValue>
              <pnp:DataValue FieldName="Wert">Aktivitäten: ID, Datum, Uhrzeit, Checkliste</pnp:DataValue>
              <pnp:DataValue FieldName="LanguageTag">de</pnp:DataValue>
              <pnp:DataValue FieldName="Order">2500</pnp:DataValue>
              <pnp:DataValue FieldName="FileLeafRef">25_.000</pnp:DataValue>
              <pnp:DataValue FieldName="MetaInfo"></pnp:DataValue>
            </pnp:DataRow>
            <pnp:DataRow>
              <pnp:DataValue FieldName="Title">Activities tooltip</pnp:DataValue>
              <pnp:DataValue FieldName="Wert">Activities: ID, Date, Time, Checklist</pnp:DataValue>
              <pnp:DataValue FieldName="LanguageTag">en</pnp:DataValue>
              <pnp:DataValue FieldName="Order">2600</pnp:DataValue>
              <pnp:DataValue FieldName="FileLeafRef">26_.000</pnp:DataValue>
              <pnp:DataValue FieldName="MetaInfo"></pnp:DataValue>
            </pnp:DataRow>
            <pnp:DataRow>
              <pnp:DataValue FieldName="Title">Checklists</pnp:DataValue>
              <pnp:DataValue FieldName="Wert">Checklisten</pnp:DataValue>
              <pnp:DataValue FieldName="LanguageTag">de</pnp:DataValue>
              <pnp:DataValue FieldName="Order">2700</pnp:DataValue>
              <pnp:DataValue FieldName="FileLeafRef">27_.000</pnp:DataValue>
              <pnp:DataValue FieldName="MetaInfo"></pnp:DataValue>
            </pnp:DataRow>
            <pnp:DataRow>
              <pnp:DataValue FieldName="Title">Checklists</pnp:DataValue>
              <pnp:DataValue FieldName="Wert">Checklists</pnp:DataValue>
              <pnp:DataValue FieldName="LanguageTag">en</pnp:DataValue>
              <pnp:DataValue FieldName="Order">2800</pnp:DataValue>
              <pnp:DataValue FieldName="FileLeafRef">28_.000</pnp:DataValue>
              <pnp:DataValue FieldName="MetaInfo"></pnp:DataValue>
            </pnp:DataRow>
            <pnp:DataRow>
              <pnp:DataValue FieldName="Title">Search tooltip</pnp:DataValue>
              <pnp:DataValue FieldName="Wert">Suche nach Checkliste, Datum, Anwender</pnp:DataValue>
              <pnp:DataValue FieldName="LanguageTag">de</pnp:DataValue>
              <pnp:DataValue FieldName="Order">2900</pnp:DataValue>
              <pnp:DataValue FieldName="FileLeafRef">29_.000</pnp:DataValue>
              <pnp:DataValue FieldName="MetaInfo"></pnp:DataValue>
            </pnp:DataRow>
            <pnp:DataRow>
              <pnp:DataValue FieldName="Title">Search tooltip</pnp:DataValue>
              <pnp:DataValue FieldName="Wert">Search activities by checklist, date and user</pnp:DataValue>
              <pnp:DataValue FieldName="LanguageTag">en</pnp:DataValue>
              <pnp:DataValue FieldName="Order">3000</pnp:DataValue>
              <pnp:DataValue FieldName="FileLeafRef">30_.000</pnp:DataValue>
              <pnp:DataValue FieldName="MetaInfo"></pnp:DataValue>
            </pnp:DataRow>
            <pnp:DataRow>
              <pnp:DataValue FieldName="Title">Checkpoints</pnp:DataValue>
              <pnp:DataValue FieldName="Wert">Checkpunkte</pnp:DataValue>
              <pnp:DataValue FieldName="LanguageTag">de</pnp:DataValue>
              <pnp:DataValue FieldName="Order">3100</pnp:DataValue>
              <pnp:DataValue FieldName="FileLeafRef">31_.000</pnp:DataValue>
              <pnp:DataValue FieldName="MetaInfo"></pnp:DataValue>
            </pnp:DataRow>
            <pnp:DataRow>
              <pnp:DataValue FieldName="Title">Checkpoints</pnp:DataValue>
              <pnp:DataValue FieldName="Wert">Checkpoints</pnp:DataValue>
              <pnp:DataValue FieldName="LanguageTag">en</pnp:DataValue>
              <pnp:DataValue FieldName="Order">3200</pnp:DataValue>
              <pnp:DataValue FieldName="FileLeafRef">32_.000</pnp:DataValue>
              <pnp:DataValue FieldName="MetaInfo"></pnp:DataValue>
            </pnp:DataRow>
            <pnp:DataRow>
              <pnp:DataValue FieldName="Title">Back tooltip</pnp:DataValue>
              <pnp:DataValue FieldName="Wert">Gehe zurück</pnp:DataValue>
              <pnp:DataValue FieldName="LanguageTag">de</pnp:DataValue>
              <pnp:DataValue FieldName="Order">3300</pnp:DataValue>
              <pnp:DataValue FieldName="FileLeafRef">33_.000</pnp:DataValue>
              <pnp:DataValue FieldName="MetaInfo"></pnp:DataValue>
            </pnp:DataRow>
            <pnp:DataRow>
              <pnp:DataValue FieldName="Title">Back tooltip</pnp:DataValue>
              <pnp:DataValue FieldName="Wert">Go back</pnp:DataValue>
              <pnp:DataValue FieldName="LanguageTag">en</pnp:DataValue>
              <pnp:DataValue FieldName="Order">3400</pnp:DataValue>
              <pnp:DataValue FieldName="FileLeafRef">34_.000</pnp:DataValue>
              <pnp:DataValue FieldName="MetaInfo"></pnp:DataValue>
            </pnp:DataRow>
            <pnp:DataRow>
              <pnp:DataValue FieldName="Title">Back</pnp:DataValue>
              <pnp:DataValue FieldName="Wert">Zurück</pnp:DataValue>
              <pnp:DataValue FieldName="LanguageTag">de</pnp:DataValue>
              <pnp:DataValue FieldName="Order">3500</pnp:DataValue>
              <pnp:DataValue FieldName="FileLeafRef">35_.000</pnp:DataValue>
              <pnp:DataValue FieldName="MetaInfo"></pnp:DataValue>
            </pnp:DataRow>
            <pnp:DataRow>
              <pnp:DataValue FieldName="Title">Back</pnp:DataValue>
              <pnp:DataValue FieldName="Wert">Back</pnp:DataValue>
              <pnp:DataValue FieldName="LanguageTag">en</pnp:DataValue>
              <pnp:DataValue FieldName="Order">3600</pnp:DataValue>
              <pnp:DataValue FieldName="FileLeafRef">36_.000</pnp:DataValue>
              <pnp:DataValue FieldName="MetaInfo"></pnp:DataValue>
            </pnp:DataRow>
            <pnp:DataRow>
              <pnp:DataValue FieldName="Title">Edit</pnp:DataValue>
              <pnp:DataValue FieldName="Wert">Ändern</pnp:DataValue>
              <pnp:DataValue FieldName="LanguageTag">de</pnp:DataValue>
              <pnp:DataValue FieldName="Order">3700</pnp:DataValue>
              <pnp:DataValue FieldName="FileLeafRef">37_.000</pnp:DataValue>
              <pnp:DataValue FieldName="MetaInfo"></pnp:DataValue>
            </pnp:DataRow>
            <pnp:DataRow>
              <pnp:DataValue FieldName="Title">Edit</pnp:DataValue>
              <pnp:DataValue FieldName="Wert">Edit</pnp:DataValue>
              <pnp:DataValue FieldName="LanguageTag">en</pnp:DataValue>
              <pnp:DataValue FieldName="Order">3800</pnp:DataValue>
              <pnp:DataValue FieldName="FileLeafRef">38_.000</pnp:DataValue>
              <pnp:DataValue FieldName="MetaInfo"></pnp:DataValue>
            </pnp:DataRow>
            <pnp:DataRow>
              <pnp:DataValue FieldName="Title">Edit tooltip</pnp:DataValue>
              <pnp:DataValue FieldName="Wert">Diesen Eintrag ändern</pnp:DataValue>
              <pnp:DataValue FieldName="LanguageTag">de</pnp:DataValue>
              <pnp:DataValue FieldName="Order">3900</pnp:DataValue>
              <pnp:DataValue FieldName="FileLeafRef">39_.000</pnp:DataValue>
              <pnp:DataValue FieldName="MetaInfo"></pnp:DataValue>
            </pnp:DataRow>
            <pnp:DataRow>
              <pnp:DataValue FieldName="Title">Edit tooltip</pnp:DataValue>
              <pnp:DataValue FieldName="Wert">Change this entry</pnp:DataValue>
              <pnp:DataValue FieldName="LanguageTag">en</pnp:DataValue>
              <pnp:DataValue FieldName="Order">4000</pnp:DataValue>
              <pnp:DataValue FieldName="FileLeafRef">40_.000</pnp:DataValue>
              <pnp:DataValue FieldName="MetaInfo"></pnp:DataValue>
            </pnp:DataRow>
            <pnp:DataRow>
              <pnp:DataValue FieldName="Title">Delete</pnp:DataValue>
              <pnp:DataValue FieldName="Wert">Löschen</pnp:DataValue>
              <pnp:DataValue FieldName="LanguageTag">de</pnp:DataValue>
              <pnp:DataValue FieldName="Order">4100</pnp:DataValue>
              <pnp:DataValue FieldName="FileLeafRef">41_.000</pnp:DataValue>
              <pnp:DataValue FieldName="MetaInfo"></pnp:DataValue>
            </pnp:DataRow>
            <pnp:DataRow>
              <pnp:DataValue FieldName="Title">Delete</pnp:DataValue>
              <pnp:DataValue FieldName="Wert">Delete</pnp:DataValue>
              <pnp:DataValue FieldName="LanguageTag">en</pnp:DataValue>
              <pnp:DataValue FieldName="Order">4200</pnp:DataValue>
              <pnp:DataValue FieldName="FileLeafRef">42_.000</pnp:DataValue>
              <pnp:DataValue FieldName="MetaInfo"></pnp:DataValue>
            </pnp:DataRow>
            <pnp:DataRow>
              <pnp:DataValue FieldName="Title">Delete tooltip</pnp:DataValue>
              <pnp:DataValue FieldName="Wert">Diesen Eintrag löschen</pnp:DataValue>
              <pnp:DataValue FieldName="LanguageTag">de</pnp:DataValue>
              <pnp:DataValue FieldName="Order">4300</pnp:DataValue>
              <pnp:DataValue FieldName="FileLeafRef">43_.000</pnp:DataValue>
              <pnp:DataValue FieldName="MetaInfo"></pnp:DataValue>
            </pnp:DataRow>
            <pnp:DataRow>
              <pnp:DataValue FieldName="Title">Delete tooltip</pnp:DataValue>
              <pnp:DataValue FieldName="Wert">Delete this entry</pnp:DataValue>
              <pnp:DataValue FieldName="LanguageTag">en</pnp:DataValue>
              <pnp:DataValue FieldName="Order">4400</pnp:DataValue>
              <pnp:DataValue FieldName="FileLeafRef">44_.000</pnp:DataValue>
              <pnp:DataValue FieldName="MetaInfo"></pnp:DataValue>
            </pnp:DataRow>
            <pnp:DataRow>
              <pnp:DataValue FieldName="Title">Search tooltip Checkpoints</pnp:DataValue>
              <pnp:DataValue FieldName="Wert">Suche nach Titel, Name und Beschreibung</pnp:DataValue>
              <pnp:DataValue FieldName="LanguageTag">de</pnp:DataValue>
              <pnp:DataValue FieldName="Order">4500</pnp:DataValue>
              <pnp:DataValue FieldName="FileLeafRef">45_.000</pnp:DataValue>
              <pnp:DataValue FieldName="MetaInfo"></pnp:DataValue>
            </pnp:DataRow>
            <pnp:DataRow>
              <pnp:DataValue FieldName="Title">Search tooltip Checkpoints</pnp:DataValue>
              <pnp:DataValue FieldName="Wert">Search by checkpoint title, text and description</pnp:DataValue>
              <pnp:DataValue FieldName="LanguageTag">en</pnp:DataValue>
              <pnp:DataValue FieldName="Order">4600</pnp:DataValue>
              <pnp:DataValue FieldName="FileLeafRef">46_.000</pnp:DataValue>
              <pnp:DataValue FieldName="MetaInfo"></pnp:DataValue>
            </pnp:DataRow>
            <pnp:DataRow>
              <pnp:DataValue FieldName="Title">Add tooltip Checkpoints</pnp:DataValue>
              <pnp:DataValue FieldName="Wert">Checkpunkt hinzufügen</pnp:DataValue>
              <pnp:DataValue FieldName="LanguageTag">de</pnp:DataValue>
              <pnp:DataValue FieldName="Order">4700</pnp:DataValue>
              <pnp:DataValue FieldName="FileLeafRef">47_.000</pnp:DataValue>
              <pnp:DataValue FieldName="MetaInfo"></pnp:DataValue>
            </pnp:DataRow>
            <pnp:DataRow>
              <pnp:DataValue FieldName="Title">Add tooltip Checkpoints</pnp:DataValue>
              <pnp:DataValue FieldName="Wert">Add a checkpoint</pnp:DataValue>
              <pnp:DataValue FieldName="LanguageTag">en</pnp:DataValue>
              <pnp:DataValue FieldName="Order">4800</pnp:DataValue>
              <pnp:DataValue FieldName="FileLeafRef">48_.000</pnp:DataValue>
              <pnp:DataValue FieldName="MetaInfo"></pnp:DataValue>
            </pnp:DataRow>
            <pnp:DataRow>
              <pnp:DataValue FieldName="Title">Checkpoints tooltip</pnp:DataValue>
              <pnp:DataValue FieldName="Wert">Checkpunkte: Position und Name</pnp:DataValue>
              <pnp:DataValue FieldName="LanguageTag">de</pnp:DataValue>
              <pnp:DataValue FieldName="Order">4900</pnp:DataValue>
              <pnp:DataValue FieldName="FileLeafRef">49_.000</pnp:DataValue>
              <pnp:DataValue FieldName="MetaInfo"></pnp:DataValue>
            </pnp:DataRow>
            <pnp:DataRow>
              <pnp:DataValue FieldName="Title">Checkpoints tooltip</pnp:DataValue>
              <pnp:DataValue FieldName="Wert">Checkpoints: Position and name</pnp:DataValue>
              <pnp:DataValue FieldName="LanguageTag">en</pnp:DataValue>
              <pnp:DataValue FieldName="Order">5000</pnp:DataValue>
              <pnp:DataValue FieldName="FileLeafRef">50_.000</pnp:DataValue>
              <pnp:DataValue FieldName="MetaInfo"></pnp:DataValue>
            </pnp:DataRow>
            <pnp:DataRow>
              <pnp:DataValue FieldName="Title">Checklist</pnp:DataValue>
              <pnp:DataValue FieldName="Wert">Checkliste</pnp:DataValue>
              <pnp:DataValue FieldName="LanguageTag">de</pnp:DataValue>
              <pnp:DataValue FieldName="Order">5100</pnp:DataValue>
              <pnp:DataValue FieldName="FileLeafRef">51_.000</pnp:DataValue>
              <pnp:DataValue FieldName="MetaInfo"></pnp:DataValue>
            </pnp:DataRow>
            <pnp:DataRow>
              <pnp:DataValue FieldName="Title">Checklist</pnp:DataValue>
              <pnp:DataValue FieldName="Wert">Checklist</pnp:DataValue>
              <pnp:DataValue FieldName="LanguageTag">en</pnp:DataValue>
              <pnp:DataValue FieldName="Order">5200</pnp:DataValue>
              <pnp:DataValue FieldName="FileLeafRef">52_.000</pnp:DataValue>
              <pnp:DataValue FieldName="MetaInfo"></pnp:DataValue>
            </pnp:DataRow>
            <pnp:DataRow>
              <pnp:DataValue FieldName="Title">Checkpoint</pnp:DataValue>
              <pnp:DataValue FieldName="Wert">Checkpunkt</pnp:DataValue>
              <pnp:DataValue FieldName="LanguageTag">de</pnp:DataValue>
              <pnp:DataValue FieldName="Order">5300</pnp:DataValue>
              <pnp:DataValue FieldName="FileLeafRef">53_.000</pnp:DataValue>
              <pnp:DataValue FieldName="MetaInfo"></pnp:DataValue>
            </pnp:DataRow>
            <pnp:DataRow>
              <pnp:DataValue FieldName="Title">Checkpoint</pnp:DataValue>
              <pnp:DataValue FieldName="Wert">Checkpoint</pnp:DataValue>
              <pnp:DataValue FieldName="LanguageTag">en</pnp:DataValue>
              <pnp:DataValue FieldName="Order">5400</pnp:DataValue>
              <pnp:DataValue FieldName="FileLeafRef">54_.000</pnp:DataValue>
              <pnp:DataValue FieldName="MetaInfo"></pnp:DataValue>
            </pnp:DataRow>
            <pnp:DataRow>
              <pnp:DataValue FieldName="Title">Input required</pnp:DataValue>
              <pnp:DataValue FieldName="Wert">Eingabe erforderlich</pnp:DataValue>
              <pnp:DataValue FieldName="LanguageTag">de</pnp:DataValue>
              <pnp:DataValue FieldName="Order">5500</pnp:DataValue>
              <pnp:DataValue FieldName="FileLeafRef">55_.000</pnp:DataValue>
              <pnp:DataValue FieldName="MetaInfo"></pnp:DataValue>
            </pnp:DataRow>
            <pnp:DataRow>
              <pnp:DataValue FieldName="Title">Input required</pnp:DataValue>
              <pnp:DataValue FieldName="Wert">Input required</pnp:DataValue>
              <pnp:DataValue FieldName="LanguageTag">en</pnp:DataValue>
              <pnp:DataValue FieldName="Order">5600</pnp:DataValue>
              <pnp:DataValue FieldName="FileLeafRef">56_.000</pnp:DataValue>
              <pnp:DataValue FieldName="MetaInfo"></pnp:DataValue>
            </pnp:DataRow>
            <pnp:DataRow>
              <pnp:DataValue FieldName="Title">Yes</pnp:DataValue>
              <pnp:DataValue FieldName="Wert">Ja</pnp:DataValue>
              <pnp:DataValue FieldName="LanguageTag">de</pnp:DataValue>
              <pnp:DataValue FieldName="Order">5700</pnp:DataValue>
              <pnp:DataValue FieldName="FileLeafRef">57_.000</pnp:DataValue>
              <pnp:DataValue FieldName="MetaInfo"></pnp:DataValue>
            </pnp:DataRow>
            <pnp:DataRow>
              <pnp:DataValue FieldName="Title">Yes</pnp:DataValue>
              <pnp:DataValue FieldName="Wert">Yes</pnp:DataValue>
              <pnp:DataValue FieldName="LanguageTag">en</pnp:DataValue>
              <pnp:DataValue FieldName="Order">5800</pnp:DataValue>
              <pnp:DataValue FieldName="FileLeafRef">58_.000</pnp:DataValue>
              <pnp:DataValue FieldName="MetaInfo"></pnp:DataValue>
            </pnp:DataRow>
            <pnp:DataRow>
              <pnp:DataValue FieldName="Title">No</pnp:DataValue>
              <pnp:DataValue FieldName="Wert">Nein</pnp:DataValue>
              <pnp:DataValue FieldName="LanguageTag">de</pnp:DataValue>
              <pnp:DataValue FieldName="Order">5900</pnp:DataValue>
              <pnp:DataValue FieldName="FileLeafRef">59_.000</pnp:DataValue>
              <pnp:DataValue FieldName="MetaInfo"></pnp:DataValue>
            </pnp:DataRow>
            <pnp:DataRow>
              <pnp:DataValue FieldName="Title">No</pnp:DataValue>
              <pnp:DataValue FieldName="Wert">No</pnp:DataValue>
              <pnp:DataValue FieldName="LanguageTag">en</pnp:DataValue>
              <pnp:DataValue FieldName="Order">6000</pnp:DataValue>
              <pnp:DataValue FieldName="FileLeafRef">60_.000</pnp:DataValue>
              <pnp:DataValue FieldName="MetaInfo"></pnp:DataValue>
            </pnp:DataRow>
            <pnp:DataRow>
              <pnp:DataValue FieldName="Title">Possible status</pnp:DataValue>
              <pnp:DataValue FieldName="Wert">Status</pnp:DataValue>
              <pnp:DataValue FieldName="LanguageTag">de</pnp:DataValue>
              <pnp:DataValue FieldName="Order">6100</pnp:DataValue>
              <pnp:DataValue FieldName="FileLeafRef">61_.000</pnp:DataValue>
              <pnp:DataValue FieldName="MetaInfo"></pnp:DataValue>
            </pnp:DataRow>
            <pnp:DataRow>
              <pnp:DataValue FieldName="Title">Possible status</pnp:DataValue>
              <pnp:DataValue FieldName="Wert">Possible status</pnp:DataValue>
              <pnp:DataValue FieldName="LanguageTag">en</pnp:DataValue>
              <pnp:DataValue FieldName="Order">6200</pnp:DataValue>
              <pnp:DataValue FieldName="FileLeafRef">62_.000</pnp:DataValue>
              <pnp:DataValue FieldName="MetaInfo"></pnp:DataValue>
            </pnp:DataRow>
            <pnp:DataRow>
              <pnp:DataValue FieldName="Title">Flex fields</pnp:DataValue>
              <pnp:DataValue FieldName="Wert">Flex-Felder</pnp:DataValue>
              <pnp:DataValue FieldName="LanguageTag">de</pnp:DataValue>
              <pnp:DataValue FieldName="Order">6300</pnp:DataValue>
              <pnp:DataValue FieldName="FileLeafRef">63_.000</pnp:DataValue>
              <pnp:DataValue FieldName="MetaInfo"></pnp:DataValue>
            </pnp:DataRow>
            <pnp:DataRow>
              <pnp:DataValue FieldName="Title">Flex fields</pnp:DataValue>
              <pnp:DataValue FieldName="Wert">Flex fields</pnp:DataValue>
              <pnp:DataValue FieldName="LanguageTag">en</pnp:DataValue>
              <pnp:DataValue FieldName="Order">6400</pnp:DataValue>
              <pnp:DataValue FieldName="FileLeafRef">64_.000</pnp:DataValue>
              <pnp:DataValue FieldName="MetaInfo"></pnp:DataValue>
            </pnp:DataRow>
            <pnp:DataRow>
              <pnp:DataValue FieldName="Title">Pos up</pnp:DataValue>
              <pnp:DataValue FieldName="Wert">Pos hoch</pnp:DataValue>
              <pnp:DataValue FieldName="LanguageTag">de</pnp:DataValue>
              <pnp:DataValue FieldName="Order">6500</pnp:DataValue>
              <pnp:DataValue FieldName="FileLeafRef">65_.000</pnp:DataValue>
              <pnp:DataValue FieldName="MetaInfo"></pnp:DataValue>
            </pnp:DataRow>
            <pnp:DataRow>
              <pnp:DataValue FieldName="Title">Pos up</pnp:DataValue>
              <pnp:DataValue FieldName="Wert">Pos up</pnp:DataValue>
              <pnp:DataValue FieldName="LanguageTag">en</pnp:DataValue>
              <pnp:DataValue FieldName="Order">6600</pnp:DataValue>
              <pnp:DataValue FieldName="FileLeafRef">66_.000</pnp:DataValue>
              <pnp:DataValue FieldName="MetaInfo"></pnp:DataValue>
            </pnp:DataRow>
            <pnp:DataRow>
              <pnp:DataValue FieldName="Title">Position up tooltip</pnp:DataValue>
              <pnp:DataValue FieldName="Wert">Position hoch</pnp:DataValue>
              <pnp:DataValue FieldName="LanguageTag">de</pnp:DataValue>
              <pnp:DataValue FieldName="Order">6700</pnp:DataValue>
              <pnp:DataValue FieldName="FileLeafRef">67_.000</pnp:DataValue>
              <pnp:DataValue FieldName="MetaInfo"></pnp:DataValue>
            </pnp:DataRow>
            <pnp:DataRow>
              <pnp:DataValue FieldName="Title">Position up tooltip</pnp:DataValue>
              <pnp:DataValue FieldName="Wert">Position up</pnp:DataValue>
              <pnp:DataValue FieldName="LanguageTag">en</pnp:DataValue>
              <pnp:DataValue FieldName="Order">6800</pnp:DataValue>
              <pnp:DataValue FieldName="FileLeafRef">68_.000</pnp:DataValue>
              <pnp:DataValue FieldName="MetaInfo"></pnp:DataValue>
            </pnp:DataRow>
            <pnp:DataRow>
              <pnp:DataValue FieldName="Title">FlexFields</pnp:DataValue>
              <pnp:DataValue FieldName="Wert">Felder</pnp:DataValue>
              <pnp:DataValue FieldName="LanguageTag">de</pnp:DataValue>
              <pnp:DataValue FieldName="Order">6900</pnp:DataValue>
              <pnp:DataValue FieldName="FileLeafRef">69_.000</pnp:DataValue>
              <pnp:DataValue FieldName="MetaInfo"></pnp:DataValue>
            </pnp:DataRow>
            <pnp:DataRow>
              <pnp:DataValue FieldName="Title">FlexFields</pnp:DataValue>
              <pnp:DataValue FieldName="Wert">Fields</pnp:DataValue>
              <pnp:DataValue FieldName="LanguageTag">en</pnp:DataValue>
              <pnp:DataValue FieldName="Order">7000</pnp:DataValue>
              <pnp:DataValue FieldName="FileLeafRef">70_.000</pnp:DataValue>
              <pnp:DataValue FieldName="MetaInfo"></pnp:DataValue>
            </pnp:DataRow>
            <pnp:DataRow>
              <pnp:DataValue FieldName="Title">Add tooltip FlexFields</pnp:DataValue>
              <pnp:DataValue FieldName="Wert">Feld hinzufügen</pnp:DataValue>
              <pnp:DataValue FieldName="LanguageTag">de</pnp:DataValue>
              <pnp:DataValue FieldName="Order">7100</pnp:DataValue>
              <pnp:DataValue FieldName="FileLeafRef">71_.000</pnp:DataValue>
              <pnp:DataValue FieldName="MetaInfo"></pnp:DataValue>
            </pnp:DataRow>
            <pnp:DataRow>
              <pnp:DataValue FieldName="Title">Add tooltip FlexFields</pnp:DataValue>
              <pnp:DataValue FieldName="Wert">Add a field</pnp:DataValue>
              <pnp:DataValue FieldName="LanguageTag">en</pnp:DataValue>
              <pnp:DataValue FieldName="Order">7200</pnp:DataValue>
              <pnp:DataValue FieldName="FileLeafRef">72_.000</pnp:DataValue>
              <pnp:DataValue FieldName="MetaInfo"></pnp:DataValue>
            </pnp:DataRow>
            <pnp:DataRow>
              <pnp:DataValue FieldName="Title">Search tooltip FlexFields</pnp:DataValue>
              <pnp:DataValue FieldName="Wert">Suche nach Titel und Name</pnp:DataValue>
              <pnp:DataValue FieldName="LanguageTag">de</pnp:DataValue>
              <pnp:DataValue FieldName="Order">7300</pnp:DataValue>
              <pnp:DataValue FieldName="FileLeafRef">73_.000</pnp:DataValue>
              <pnp:DataValue FieldName="MetaInfo"></pnp:DataValue>
            </pnp:DataRow>
            <pnp:DataRow>
              <pnp:DataValue FieldName="Title">Search tooltip FlexFields</pnp:DataValue>
              <pnp:DataValue FieldName="Wert">Search by title and name</pnp:DataValue>
              <pnp:DataValue FieldName="LanguageTag">en</pnp:DataValue>
              <pnp:DataValue FieldName="Order">7400</pnp:DataValue>
              <pnp:DataValue FieldName="FileLeafRef">74_.000</pnp:DataValue>
              <pnp:DataValue FieldName="MetaInfo"></pnp:DataValue>
            </pnp:DataRow>
            <pnp:DataRow>
              <pnp:DataValue FieldName="Title">FlexFields tooltip</pnp:DataValue>
              <pnp:DataValue FieldName="Wert">Felder: Feldname</pnp:DataValue>
              <pnp:DataValue FieldName="LanguageTag">de</pnp:DataValue>
              <pnp:DataValue FieldName="Order">7500</pnp:DataValue>
              <pnp:DataValue FieldName="FileLeafRef">75_.000</pnp:DataValue>
              <pnp:DataValue FieldName="MetaInfo"></pnp:DataValue>
            </pnp:DataRow>
            <pnp:DataRow>
              <pnp:DataValue FieldName="Title">FlexFields tooltip</pnp:DataValue>
              <pnp:DataValue FieldName="Wert">Fields: Field name</pnp:DataValue>
              <pnp:DataValue FieldName="LanguageTag">en</pnp:DataValue>
              <pnp:DataValue FieldName="Order">7600</pnp:DataValue>
              <pnp:DataValue FieldName="FileLeafRef">76_.000</pnp:DataValue>
              <pnp:DataValue FieldName="MetaInfo"></pnp:DataValue>
            </pnp:DataRow>
            <pnp:DataRow>
              <pnp:DataValue FieldName="Title">FlexField</pnp:DataValue>
              <pnp:DataValue FieldName="Wert">Feld</pnp:DataValue>
              <pnp:DataValue FieldName="LanguageTag">de</pnp:DataValue>
              <pnp:DataValue FieldName="Order">7700</pnp:DataValue>
              <pnp:DataValue FieldName="FileLeafRef">77_.000</pnp:DataValue>
              <pnp:DataValue FieldName="MetaInfo"></pnp:DataValue>
            </pnp:DataRow>
            <pnp:DataRow>
              <pnp:DataValue FieldName="Title">FlexField</pnp:DataValue>
              <pnp:DataValue FieldName="Wert">Field</pnp:DataValue>
              <pnp:DataValue FieldName="LanguageTag">en</pnp:DataValue>
              <pnp:DataValue FieldName="Order">7800</pnp:DataValue>
              <pnp:DataValue FieldName="FileLeafRef">78_.000</pnp:DataValue>
              <pnp:DataValue FieldName="MetaInfo"></pnp:DataValue>
            </pnp:DataRow>
            <pnp:DataRow>
              <pnp:DataValue FieldName="Title">ResponseType</pnp:DataValue>
              <pnp:DataValue FieldName="Wert">Art</pnp:DataValue>
              <pnp:DataValue FieldName="LanguageTag">de</pnp:DataValue>
              <pnp:DataValue FieldName="Order">7900</pnp:DataValue>
              <pnp:DataValue FieldName="FileLeafRef">79_.000</pnp:DataValue>
              <pnp:DataValue FieldName="MetaInfo"></pnp:DataValue>
            </pnp:DataRow>
            <pnp:DataRow>
              <pnp:DataValue FieldName="Title">ResponseType</pnp:DataValue>
              <pnp:DataValue FieldName="Wert">Type</pnp:DataValue>
              <pnp:DataValue FieldName="LanguageTag">en</pnp:DataValue>
              <pnp:DataValue FieldName="Order">8000</pnp:DataValue>
              <pnp:DataValue FieldName="FileLeafRef">80_.000</pnp:DataValue>
              <pnp:DataValue FieldName="MetaInfo"></pnp:DataValue>
            </pnp:DataRow>
            <pnp:DataRow>
              <pnp:DataValue FieldName="Title">Choices</pnp:DataValue>
              <pnp:DataValue FieldName="Wert">Auswahl</pnp:DataValue>
              <pnp:DataValue FieldName="LanguageTag">de</pnp:DataValue>
              <pnp:DataValue FieldName="Order">8100</pnp:DataValue>
              <pnp:DataValue FieldName="FileLeafRef">81_.000</pnp:DataValue>
              <pnp:DataValue FieldName="MetaInfo"></pnp:DataValue>
            </pnp:DataRow>
            <pnp:DataRow>
              <pnp:DataValue FieldName="Title">Choices</pnp:DataValue>
              <pnp:DataValue FieldName="Wert">Choices</pnp:DataValue>
              <pnp:DataValue FieldName="LanguageTag">en</pnp:DataValue>
              <pnp:DataValue FieldName="Order">8200</pnp:DataValue>
              <pnp:DataValue FieldName="FileLeafRef">82_.000</pnp:DataValue>
              <pnp:DataValue FieldName="MetaInfo"></pnp:DataValue>
            </pnp:DataRow>
            <pnp:DataRow>
              <pnp:DataValue FieldName="Title">Title</pnp:DataValue>
              <pnp:DataValue FieldName="Wert">Titel</pnp:DataValue>
              <pnp:DataValue FieldName="LanguageTag">de</pnp:DataValue>
              <pnp:DataValue FieldName="Order">8300</pnp:DataValue>
              <pnp:DataValue FieldName="FileLeafRef">83_.000</pnp:DataValue>
              <pnp:DataValue FieldName="MetaInfo"></pnp:DataValue>
            </pnp:DataRow>
            <pnp:DataRow>
              <pnp:DataValue FieldName="Title">Title</pnp:DataValue>
              <pnp:DataValue FieldName="Wert">Title</pnp:DataValue>
              <pnp:DataValue FieldName="LanguageTag">en</pnp:DataValue>
              <pnp:DataValue FieldName="Order">8400</pnp:DataValue>
              <pnp:DataValue FieldName="FileLeafRef">84_.000</pnp:DataValue>
              <pnp:DataValue FieldName="MetaInfo"></pnp:DataValue>
            </pnp:DataRow>
            <pnp:DataRow>
              <pnp:DataValue FieldName="Title">Name</pnp:DataValue>
              <pnp:DataValue FieldName="Wert">Name</pnp:DataValue>
              <pnp:DataValue FieldName="LanguageTag">de</pnp:DataValue>
              <pnp:DataValue FieldName="Order">8500</pnp:DataValue>
              <pnp:DataValue FieldName="FileLeafRef">85_.000</pnp:DataValue>
              <pnp:DataValue FieldName="MetaInfo"></pnp:DataValue>
            </pnp:DataRow>
            <pnp:DataRow>
              <pnp:DataValue FieldName="Title">Name</pnp:DataValue>
              <pnp:DataValue FieldName="Wert">Name</pnp:DataValue>
              <pnp:DataValue FieldName="LanguageTag">en</pnp:DataValue>
              <pnp:DataValue FieldName="Order">8600</pnp:DataValue>
              <pnp:DataValue FieldName="FileLeafRef">86_.000</pnp:DataValue>
              <pnp:DataValue FieldName="MetaInfo"></pnp:DataValue>
            </pnp:DataRow>
          </pnp:DataRows>
        </pnp:ListInstance>
      </pnp:Lists>
    </pnp:ProvisioningTemplate>
  </pnp:Templates>
</pnp:Provisioning>