{
  "properties": {
    "connectionReferences": {
      "shared_sharepointonline-1": {
        "api": {
          "name": "shared_sharepointonline"
        },
        "connection": {
          "connectionReferenceLogicalName": "pobvol_pssChecklistsSharePoint"
        },
        "runtimeSource": "embedded"
      },
      "shared_office365_1": {
        "api": {
          "name": "shared_office365"
        },
        "connection": {
          "connectionReferenceLogicalName": "pobvol_pssChecklistsOutlook"
        },
        "runtimeSource": "embedded"
      }
    },
    "definition": {
      "$schema": "https://schema.management.azure.com/providers/Microsoft.Logic/schemas/2016-06-01/workflowdefinition.json#",
      "contentVersion": "1.0.0.0",
      "parameters": {
        "$authentication": {
          "defaultValue": {},
          "type": "SecureObject"
        },
        "$connections": {
          "defaultValue": {},
          "type": "Object"
        },
        "pssChecklistsTeam (pobvol_pssChecklistsTeam)": {
          "defaultValue": "https://pobvol.sharepoint.com/sites/psschecklists",
          "type": "String",
          "metadata": {
            "schemaName": "pobvol_pssChecklistsTeam",
            "description": "Which team is used"
          }
        },
        "pssChecklistsActivities (pobvol_pssChecklistsData)": {
          "defaultValue": "1bd7fe40-0bef-48ae-ac19-eb1cc69ed226",
          "type": "String",
          "metadata": {
            "schemaName": "pobvol_pssChecklistsData",
            "description": "Checklists data"
          }
        },
        "pssChecklistsActivitiesP (pobvol_pssChecklistsDataP)": {
          "defaultValue": "d0afa838-17f1-4f62-9af4-0b62d2493758",
          "type": "String",
          "metadata": {
            "schemaName": "pobvol_pssChecklistsDataP",
            "description": "Checkpoints data"
          }
        }
      },
      "triggers": {
        "When_an_item_is_created_or_modified_in_Activities": {
          "type": "OpenApiConnection",
          "inputs": {
            "parameters": {
              "dataset": "@parameters('pssChecklistsTeam (pobvol_pssChecklistsTeam)')",
              "table": "@parameters('pssChecklistsActivities (pobvol_pssChecklistsData)')"
            },
            "host": {
              "apiId": "/providers/Microsoft.PowerApps/apis/shared_sharepointonline",
              "operationId": "GetOnUpdatedItems",
              "connectionName": "shared_sharepointonline-1"
            }
          },
          "recurrence": {
            "interval": 5,
            "frequency": "Minute"
          },
          "conditions": [
            {
              "expression": "@equals ( triggerOutputs()?['body/DocumentStatus'] , 'Sent' )"
            }
          ],
          "splitOn": "@triggerOutputs()?['body/value']",
          "metadata": {
            "operationMetadataId": "307c70b2-b3ae-413a-bda6-0eb29c7b2c65"
          }
        }
      },
      "actions": {
        "HTML-Template_for_activity_report": {
          "type": "Compose",
          "inputs": "@variables('HTMLTemplate')",
          "runAfter": {
            "Condition_de_2": [
              "Succeeded"
            ]
          },
          "metadata": {
            "operationMetadataId": "13c3cd6b-f482-46cb-92ee-eb60fc30c775"
          }
        },
        "Initialize_variable_HTMLTemplate": {
          "type": "InitializeVariable",
          "inputs": {
            "variables": [
              {
                "name": "HTMLTemplate",
                "type": "string",
                "value": "@{null}"
              }
            ]
          },
          "runAfter": {
            "Initialize_varDefectClass": [
              "Succeeded"
            ]
          },
          "metadata": {
            "operationMetadataId": "6e995fb7-0902-4b46-a644-f61ad8ce7937"
          }
        },
        "Append_to_string_variable_HTML-Template_(head_and_style)": {
          "type": "AppendToStringVariable",
          "inputs": {
            "name": "HTMLTemplate",
            "value": "<!DOCTYPE html>\n<html lang=\"@{triggerBody()?['LanguageTag']}\">\n    \n<head>\n    <meta charset=\"UTF-8\">\n    <title>Activity</title>\n\n    <style>\n\n        .page {\n            height: 29.7cm;\n            min-height: 100%;\n            position: relative;\n            width: 21cm;\n            margin: 0 auto;\n            padding: 5mm;\n            background: white;\n            box-shadow: 0 0 5px rgba(32, 32, 32, 0.44);\n        }\n\n        @page {\n            size: A4;\n            margin-top: 1.0cm;\n            margin-left: 1.7cm;\n            margin-right: 1.7cm;\n            margin-bottom: 1.0cm;\n        }\n\n        @media screen {\n            * {\n                font-family: verdana,arial,sans-serif;\n            }\n        } \n\n        @media print {\n            * {\n                font-family: \"times new roman\",times,serif;\n            } \n            body {\n                background-color: white;\n            }\n            .page {\n                box-shadow: none;\n                background: white;\n                padding: 0;\n            }\n            footer {\n                position: fixed;\n                bottom: 0;\n                page-break-after: always;\n            }\n            div {\n                break-inside: avoid;\n            }\n            .pagebreak { \n                min-height: 1px; \n                page-break-before: always; \n            }\n\n        }\n\n        @media (min-width: 35em) {\n            img.logo {\n                float: right;\n                margin-left: 0.5em;\n                width: 100px;\n            }\n            img.servicelogo {\n                float: right;\n                margin-left: 0.5em;\n                width: 50px;\n            }\n            img.sign {\n                margin-left: 50px;\n                height: 50px;\n                text-align: center;\n            }\n            img.checkpointimage {\n                float: left;\n                margin-left: 0em;\n                width: 150px;\n            }\n        }\n\n        * {\n            font-size: 14px;\n            line-height: 1.3;\n        }\n\n        p{ \n            padding-top: 0px;\n            margin-top: 0px;\n            padding-bottom: 0px;\n            margin-bottom: 0px;\n        }\n\n        .toc {\n            min-height: 1px; \n            page-break-after: always;\n        }\n\n        h1{ \n            font-size: 24px;\n            font-weight: bold;\n            padding-top: 5px;\n            padding-bottom: 5px;\n            margin-top: 0px;\n            margin-bottom: 0px;\n        }\n        \n        h2{ \n            font-size: 22px;\n            font-weight: bolder;\n            padding-bottom: 1px;\n            margin-bottom: 1px;\n        }\n\n        h3{\n            font-size: 20px;\n            font-weight: bold;\n            padding-bottom: 1px;\n            margin-bottom: 1px;\n        }\n\n        table {\n            width: 100%;\n            padding: 0px;\n            border-spacing: 0px;\n            border-style: solid;\n            border-width: 1.0px;\n            border-color: darkgray;\n            page-break-inside: auto;\n        }\n        \n        table.noBorder {\n            width: 100%;\n            padding: 0px;\n            margin: 0px;\n            border-style: none;\n            border-width: 0px;\n            border-color: none;\n            page-break-inside: auto;\n        }\n\n        tr { \n            page-break-inside:avoid; \n            page-break-after:auto;\n        }\n\n        th,td {\n            padding: 0px;\n            margin: 0px;\n            padding-left: 2px;\n            padding-right: 5px;\n            text-align: start;\n            vertical-align:top;\n        }\n\n        #tdsmall {\n            font-weight:normal;\n        }\n\n        #tdsmallgrey {\n            font-weight:normal;\n            background-color: rgb(252, 248, 248);\n        }\n\n        #tdsmallborderT {\n            font-weight: normal;\n            border-top:darkgray 1px solid;\n        }\n\n        #tdnormal {\n            font-weight:bold;\n        }\n\n        #tdposheader {\n            font-weight:bold;\n            text-align: center;\n            padding-top: 5px;\n            padding-bottom: 7px;\n            background-color:rgb(252, 248, 248);\n            border-top:grey 0px solid;\n            border-right:grey 1px solid;\n            border-bottom:grey 1px solid;\n        }\n\n        #tdposheader2 {\n            font-weight:bold;\n            text-align: left;\n            padding-top: 5px;\n            padding-bottom: 7px;\n            background-color: rgb(252, 248, 248);\n            border-top:grey 0px solid;\n            border-bottom:grey 1px solid;\n        }\n        #tdposheader3 {\n            font-weight:bold;\n            text-align: center;\n            padding-top: 5px;\n            padding-bottom: 7px;\n            background-color: rgb(252, 248, 248);\n            border-top:grey 0px solid;\n            border-left:grey 1px solid;\n            border-bottom:grey 1px solid;\n        }\n\n        #tdpos {\n            font-weight: bold;\n            text-align: center;\n            padding-top: 10px;\n            padding-bottom: 0px;\n            margin-top: 0px;\n            margin-bottom: 0px;\n        }\n\n        #tdposCheckpunkt {\n            font-weight: bold;\n            text-align: left;\n            border-bottom:darkgray 1px solid;\n            padding-top: 10px;\n            padding-bottom: 0px;\n            margin-top: 0px;\n            margin-bottom: 0px;\n        }\n\n        #tdposCheckpunktAdd {\n            font-weight: normal;\n            text-align: left;\n        }\n\n        #tdposStatus {\n            font-weight: bold;\n            text-align: Center;\n            border-bottom:darkgray 1px solid;\n            padding-top: 10px;\n            padding-bottom: 0px;\n            margin-top: 0px;\n            margin-bottom: 0px;\n        }\n\n        #tdposStatusAdd {\n            font-size: 10px;\n            font-weight: bold;\n            text-align: Center;\n        }\n\n        #tdposStatusGreen {\n            background-color: green;\n        }\n\n        #tdposStatusRed {\n            background-color: red;\n        }\n\n        #tdnormalgrey {\n            font-weight:bold;\n            background-color: rgb(252, 248, 248);\n        }\n\n        #tdnormalborderR {\n            font-weight:bold;\n            border-right:darkgray 1px solid;\n        }\n\n        #tdnormalborderT {\n            font-weight:bold;\n            border-top:darkgray 1px solid;\n        }\n\n        #signature {\n            font-weight:bold;\n            height: 70px;\n            vertical-align: bottom;\n        }\n\n        #center {\n            text-align: center;\n        }\n\n        #right {\n            float: right;\n            margin-left: 0.5em;\n            font-size: 11px;\n            font-weight:bold;\n        }\n\n\n    </style>\n</head>\n"
          },
          "runAfter": {
            "Initialize_variable_HTMLTemplate": [
              "Succeeded"
            ]
          },
          "metadata": {
            "operationMetadataId": "d90aac50-f943-446b-af24-577f62304ec5"
          }
        },
        "Append_to_string_variable_HTML-Template_(checklist_end)": {
          "type": "AppendToStringVariable",
          "inputs": {
            "name": "HTMLTemplate",
            "value": "\n        <!-- Checkpunkte Ende -->\n        <tr>\n            <td colspan=\"4\">&nbsp;</td>\n        </tr>\n        <tr>\n            <td colspan=\"4\">&nbsp;</td>\n        </tr>\n\n    </table>\n\n"
          },
          "runAfter": {
            "Apply_to_each": [
              "Succeeded"
            ]
          },
          "metadata": {
            "operationMetadataId": "90f0e234-b0fe-457e-8434-36c1df540214"
          }
        },
        "Get_items_ActivityP": {
          "type": "OpenApiConnection",
          "inputs": {
            "parameters": {
              "dataset": "@parameters('pssChecklistsTeam (pobvol_pssChecklistsTeam)')",
              "table": "@parameters('pssChecklistsActivitiesP (pobvol_pssChecklistsDataP)')",
              "$filter": "KEY eq '@{triggerBody()?['KEY']}'",
              "$orderby": "Pos"
            },
            "host": {
              "apiId": "/providers/Microsoft.PowerApps/apis/shared_sharepointonline",
              "operationId": "GetItems",
              "connectionName": "shared_sharepointonline-1"
            }
          },
          "runAfter": {
            "Append_to_string_variable_HTML-Template_(body_checkpoints_begin)": [
              "Succeeded"
            ]
          },
          "metadata": {
            "operationMetadataId": "dc533f5f-ea65-4c89-9617-284b455b4932"
          }
        },
        "Apply_to_each": {
          "type": "Foreach",
          "foreach": "@outputs('Get_items_ActivityP')?['body/value']",
          "actions": {
            "Add_checkpoint": {
              "type": "If",
              "expression": {
                "and": [
                  {
                    "not": {
                      "equals": [
                        "@item()?['Status']",
                        "not relevant"
                      ]
                    }
                  },
                  {
                    "not": {
                      "equals": [
                        "@item()?['Status']",
                        "@null"
                      ]
                    }
                  }
                ]
              },
              "actions": {
                "Increment_variable_varPos_by_1": {
                  "type": "IncrementVariable",
                  "inputs": {
                    "name": "varPos",
                    "value": 1
                  },
                  "metadata": {
                    "operationMetadataId": "73075ea8-097d-4703-a2ca-6a053cc32409"
                  }
                },
                "Append_to_string_variable_HTML-Template_(checkpoint)": {
                  "type": "AppendToStringVariable",
                  "inputs": {
                    "name": "HTMLTemplate",
                    "value": "        <!-- Checkpoint -->\n        <tr>\n            <td id=\"tdpos\">@{variables('varPos')}</td>\n            <td id=\"tdposCheckpunkt\">@{item()?['CheckpointText']}</td>\n            <td id=\"tdposStatus\">@{item()?['StatusText']}</td>\n            <td id=\"@{if(greater(variables('varDefectClass'),0),\r\n'tdposStatusRed','tdposStatusGreen')\r\n}\"></td>\n        </tr>\n"
                  },
                  "runAfter": {
                    "Increment_variable_varPos_by_1": [
                      "Succeeded"
                    ]
                  },
                  "metadata": {
                    "operationMetadataId": "90f0e234-b0fe-457e-8434-36c1df540214"
                  }
                },
                "Comments": {
                  "type": "If",
                  "expression": {
                    "and": [
                      {
                        "not": {
                          "equals": [
                            "@item()?['Comments']",
                            "@null"
                          ]
                        }
                      }
                    ]
                  },
                  "actions": {
                    "Append_to_string_variable_HTML-Template_(Comments)": {
                      "type": "AppendToStringVariable",
                      "inputs": {
                        "name": "HTMLTemplate",
                        "value": "        <tr>\n            <td></td>\n            <td id=\"tdposCheckpunktAdd\">@{item()?['Comments']}</td>\n            <td id=\"tdposStatusAdd\"></td>\n            <td id=\"@{if(greater(item()?['DefectClass'],0),\r\n'tdposStatusRed','tdposStatusGreen')\r\n}\"></td>\n        </tr>\n"
                      },
                      "metadata": {
                        "operationMetadataId": "90f0e234-b0fe-457e-8434-36c1df540214"
                      }
                    }
                  },
                  "else": {
                    "actions": {}
                  },
                  "runAfter": {
                    "Append_to_string_variable_HTML-Template_(checkpoint)": [
                      "Succeeded"
                    ]
                  }
                },
                "F1": {
                  "type": "If",
                  "expression": {
                    "and": [
                      {
                        "not": {
                          "equals": [
                            "@item()?['F1Label']",
                            "@null"
                          ]
                        }
                      }
                    ]
                  },
                  "actions": {
                    "Append_to_string_variable_HTML-Template_(F1)": {
                      "type": "AppendToStringVariable",
                      "inputs": {
                        "name": "HTMLTemplate",
                        "value": "        <tr>\n            <td></td>\n            <td id=\"tdposCheckpunktAdd\">\n                @{concat(item()?['F1Label'],': ',item()?['OData__x0046_1'])}\n            </td>\n            <td id=\"tdposStatusAdd\"></td>\n            <td id=\"@{if(greater(variables('varDefectClass'),0),\r\n'tdposStatusRed','tdposStatusGreen')\r\n}\"></td>\n        </tr>\n"
                      },
                      "metadata": {
                        "operationMetadataId": "90f0e234-b0fe-457e-8434-36c1df540214"
                      }
                    }
                  },
                  "else": {
                    "actions": {}
                  },
                  "runAfter": {
                    "Comments": [
                      "Succeeded"
                    ]
                  }
                },
                "F2": {
                  "type": "If",
                  "expression": {
                    "and": [
                      {
                        "not": {
                          "equals": [
                            "@item()?['F2Label']",
                            "@null"
                          ]
                        }
                      }
                    ]
                  },
                  "actions": {
                    "Append_to_string_variable_HTML-Template_(F2)": {
                      "type": "AppendToStringVariable",
                      "inputs": {
                        "name": "HTMLTemplate",
                        "value": "        <tr>\n            <td></td>\n            <td id=\"tdposCheckpunktAdd\">\n                @{concat(item()?['F2Label'],': ',item()?['OData__x0046_2'])}\n            </td>\n            <td id=\"tdposStatusAdd\"></td>\n            <td id=\"@{if(greater(variables('varDefectClass'),0),\r\n'tdposStatusRed','tdposStatusGreen')\r\n}\"></td>\n        </tr>\n"
                      },
                      "metadata": {
                        "operationMetadataId": "90f0e234-b0fe-457e-8434-36c1df540214"
                      }
                    }
                  },
                  "else": {
                    "actions": {}
                  },
                  "runAfter": {
                    "F1": [
                      "Succeeded"
                    ]
                  }
                },
                "F3": {
                  "type": "If",
                  "expression": {
                    "and": [
                      {
                        "not": {
                          "equals": [
                            "@item()?['F3Label']",
                            "@null"
                          ]
                        }
                      }
                    ]
                  },
                  "actions": {
                    "Append_to_string_variable_HTML-Template_(F3)": {
                      "type": "AppendToStringVariable",
                      "inputs": {
                        "name": "HTMLTemplate",
                        "value": "        <tr>\n            <td></td>\n            <td id=\"tdposCheckpunktAdd\">\n                @{concat(item()?['F3Label'],': ',item()?['OData__x0046_3'])}\n            </td>\n            <td id=\"tdposStatusAdd\"></td>\n            <td id=\"@{if(greater(variables('varDefectClass'),0),\r\n'tdposStatusRed','tdposStatusGreen')\r\n}\"></td>\n        </tr>\n"
                      },
                      "metadata": {
                        "operationMetadataId": "90f0e234-b0fe-457e-8434-36c1df540214"
                      }
                    }
                  },
                  "else": {
                    "actions": {}
                  },
                  "runAfter": {
                    "F2": [
                      "Succeeded"
                    ]
                  }
                },
                "F4": {
                  "type": "If",
                  "expression": {
                    "and": [
                      {
                        "not": {
                          "equals": [
                            "@item()?['F4Label']",
                            "@null"
                          ]
                        }
                      }
                    ]
                  },
                  "actions": {
                    "Append_to_string_variable_HTML-Template_(F4)": {
                      "type": "AppendToStringVariable",
                      "inputs": {
                        "name": "HTMLTemplate",
                        "value": "        <tr>\n            <td></td>\n            <td id=\"tdposCheckpunktAdd\">\n                @{concat(item()?['F4Label'],': ',item()?['OData__x0046_4'])}\n            </td>\n            <td id=\"tdposStatusAdd\"></td>\n            <td id=\"@{if(greater(variables('varDefectClass'),0),\r\n'tdposStatusRed','tdposStatusGreen')\r\n}\"></td>\n        </tr>\n"
                      },
                      "metadata": {
                        "operationMetadataId": "90f0e234-b0fe-457e-8434-36c1df540214"
                      }
                    }
                  },
                  "else": {
                    "actions": {}
                  },
                  "runAfter": {
                    "F3": [
                      "Succeeded"
                    ]
                  }
                },
                "F5": {
                  "type": "If",
                  "expression": {
                    "and": [
                      {
                        "not": {
                          "equals": [
                            "@item()?['F5Label']",
                            "@null"
                          ]
                        }
                      }
                    ]
                  },
                  "actions": {
                    "Append_to_string_variable_HTML-Template_(F5)": {
                      "type": "AppendToStringVariable",
                      "inputs": {
                        "name": "HTMLTemplate",
                        "value": "        <tr>\n            <td></td>\n            <td id=\"tdposCheckpunktAdd\">\n                @{concat(item()?['F5Label'],': ',item()?['OData__x0046_5'])}\n            </td>\n            <td id=\"tdposStatusAdd\"></td>\n            <td id=\"@{if(greater(variables('varDefectClass'),0),\r\n'tdposStatusRed','tdposStatusGreen')\r\n}\"></td>\n        </tr>\n"
                      },
                      "metadata": {
                        "operationMetadataId": "90f0e234-b0fe-457e-8434-36c1df540214"
                      }
                    }
                  },
                  "else": {
                    "actions": {}
                  },
                  "runAfter": {
                    "F4": [
                      "Succeeded"
                    ]
                  }
                }
              },
              "else": {
                "actions": {}
              },
              "runAfter": {
                "Set_variable_varDefectClass": [
                  "Succeeded"
                ]
              },
              "metadata": {
                "operationMetadataId": "a9cf0edc-eeb3-4d76-a11c-67062dea2de9"
              }
            },
            "Set_variable_varDefectClass": {
              "type": "SetVariable",
              "inputs": {
                "name": "varDefectClass",
                "value": "@If(equals(item()?['DefectClass'],null),0,int(item()?['DefectClass']))"
              }
            }
          },
          "runAfter": {
            "Get_items_ActivityP": [
              "Succeeded"
            ]
          },
          "metadata": {
            "operationMetadataId": "8ca8cde6-91e7-4e42-8e78-541514b5a9e9"
          }
        },
        "Initialize_variable_varPos": {
          "type": "InitializeVariable",
          "inputs": {
            "variables": [
              {
                "name": "varPos",
                "type": "integer",
                "value": 0
              }
            ]
          },
          "runAfter": {},
          "metadata": {
            "operationMetadataId": "f9f0f546-592b-429e-8a18-e581a81cb3e6"
          }
        },
        "Append_to_string_variable_HTML-Template_(body_checkpoints_begin)": {
          "type": "AppendToStringVariable",
          "inputs": {
            "name": "HTMLTemplate",
            "value": "    <h3>@{if(equals(triggerBody()?['LanguageTag'],'de'),'Checkpunkte','Checkpoints')} </h3>\n    <table cellpadding=0 cellspacing=0>\n        <tr>\n            <td width=\"5%\"></td>\n            <td width=\"75%\"></td>\n            <td width=\"19%\"></td>\n            <td width=\"1%\"></td>\n        </tr>\n\n        <tr>\n            <td id=\"tdposheader\">#</td>\n            <td id=\"tdposheader2\">@{if(equals(triggerBody()?['LanguageTag'],'de'),'Checkpunkt','Checkpoint')}</td>\n            <td id=\"tdposheader3\" colspan=\"2\">Status</td>\n        </tr>\n\n        <tr>\n            <td colspan=4\">&nbsp;</td>\n        </tr>\n"
          },
          "runAfter": {
            "Condition_de": [
              "Succeeded"
            ]
          },
          "metadata": {
            "operationMetadataId": "90f0e234-b0fe-457e-8434-36c1df540214"
          }
        },
        "Append_to_string_variable_HTML-Template_(Sec_comments_de)": {
          "type": "AppendToStringVariable",
          "inputs": {
            "name": "HTMLTemplate",
            "value": "<div>\n<br />\n<p>@{if(equals(triggerBody()?['LanguageTag'],'de'),'Hinweis','Final comments')}:</p>\n<p><b>@{triggerOutputs()?['body/Comments']}</b></p>\n<div>\n"
          },
          "runAfter": {
            "Append_to_string_variable_HTML-Template_(checklist_end)": [
              "Succeeded"
            ]
          },
          "metadata": {
            "operationMetadataId": "7f578882-7383-4caa-9e8a-7353d5250fb5"
          }
        },
        "Send_Email_to_user": {
          "type": "If",
          "expression": {
            "not": {
              "equals": [
                "@triggerOutputs()?['body/UserEMail']",
                "@null"
              ]
            }
          },
          "actions": {
            "Send_an_email_(V2)": {
              "type": "OpenApiConnection",
              "inputs": {
                "parameters": {
                  "emailMessage/To": "@triggerOutputs()?['body/UserEMail']",
                  "emailMessage/Subject": "pssChecklists: Neue Aktivität / New activity",
                  "emailMessage/Body": "<p class=\"editor-paragraph\">@{variables('HTMLTemplate')}</p><br>",
                  "emailMessage/Importance": "Normal"
                },
                "host": {
                  "apiId": "/providers/Microsoft.PowerApps/apis/shared_office365",
                  "operationId": "SendEmailV2",
                  "connectionName": "shared_office365_1"
                }
              },
              "metadata": {
                "operationMetadataId": "f545072e-fb51-466b-8088-64ba0a3b7013"
              }
            }
          },
          "else": {
            "actions": {}
          },
          "runAfter": {
            "HTML-Template_for_activity_report": [
              "Succeeded"
            ]
          },
          "metadata": {
            "operationMetadataId": "e27cfebe-5ea2-432a-a3a2-3527bfcadaff"
          }
        },
        "Convert_time_zone": {
          "type": "Expression",
          "kind": "ConvertTimeZone",
          "inputs": {
            "baseTime": "@triggerBody()?['Date']",
            "sourceTimeZone": "UTC",
            "destinationTimeZone": "W. Europe Standard Time",
            "formatString": "s"
          },
          "runAfter": {
            "Initialize_variable_varPos": [
              "Succeeded"
            ]
          }
        },
        "Initialize_varDefectClass": {
          "type": "InitializeVariable",
          "inputs": {
            "variables": [
              {
                "name": "varDefectClass",
                "type": "integer",
                "value": 0
              }
            ]
          },
          "runAfter": {
            "Convert_time_zone": [
              "Succeeded"
            ]
          }
        },
        "Condition_de": {
          "type": "If",
          "expression": {
            "and": [
              {
                "equals": [
                  "@triggerBody()?['LanguageTag']",
                  "de"
                ]
              }
            ]
          },
          "actions": {
            "Append_to_string_variable_HTML-Template_(Header_de)": {
              "type": "AppendToStringVariable",
              "inputs": {
                "name": "HTMLTemplate",
                "value": "<body>      \n<h1>Aktivität @{triggerBody()?['KEY']}</h1> \n<h2>@{triggerBody()?['ChecklistText']}, @{formatDateTime(body('Convert_time_zone'),'d.MM.yyyy HH:mm tt','de')\r\n}</h2>\n"
              },
              "metadata": {
                "operationMetadataId": "90f0e234-b0fe-457e-8434-36c1df540214"
              }
            }
          },
          "else": {
            "actions": {
              "Append_to_string_variable_HTML-Template_(Header_en)": {
                "type": "AppendToStringVariable",
                "inputs": {
                  "name": "HTMLTemplate",
                  "value": "<body>      \n<h1>Activity @{triggerBody()?['KEY']}</h1> \n<h2>@{triggerBody()?['ChecklistText']}, @{formatDateTime(body('Convert_time_zone'),'MM/dd/yyyy hh:mm tt','en')\r\n}</h2>\n"
                },
                "metadata": {
                  "operationMetadataId": "90f0e234-b0fe-457e-8434-36c1df540214"
                }
              }
            }
          },
          "runAfter": {
            "Append_to_string_variable_HTML-Template_(head_and_style)": [
              "Succeeded"
            ]
          }
        },
        "Condition_de_2": {
          "type": "If",
          "expression": {
            "and": [
              {
                "equals": [
                  "@triggerBody()?['LanguageTag']",
                  "de"
                ]
              }
            ]
          },
          "actions": {
            "Append_to_string_variable_HTML-Template_(Footer_de)": {
              "type": "AppendToStringVariable",
              "inputs": {
                "name": "HTMLTemplate",
                "value": "    <!--Signature-->\n    \n\n    <table class=\"noBorder\">\n       <tr>\n            <td width=\"35%\"></td>\n            <td width=\"15%\"></td>\n            <td width=\"35%\"></td>\n            <td width=\"15%\"></td>\n        </tr>\n        <tr>\n            <td id=\"signature\">@{formatDateTime(triggerBody()?['Date'],'dddd, d.MM.yyyy','de')\r\n}</td>\n            <td></td>\n            <td id=\"signature\">@{triggerBody()?['User']}</td>\n            <td></td>\n        </tr>\n        <tr>\n            <td id=\"tdsmallborderT\">Datum</td>\n            <td></td>\n            <td id=\"tdsmallborderT\">Anwender</td>\n            <td></td>\n        </tr>\n    </table>\n</div>\n\n</body>\n</html>        \n"
              },
              "metadata": {
                "operationMetadataId": "7f578882-7383-4caa-9e8a-7353d5250fb5"
              }
            }
          },
          "else": {
            "actions": {
              "Append_to_string_variable_HTML-Template_(Footer_en)": {
                "type": "AppendToStringVariable",
                "inputs": {
                  "name": "HTMLTemplate",
                  "value": "    <!--Signature-->\n    \n\n    <table class=\"noBorder\">\n       <tr>\n            <td width=\"35%\"></td>\n            <td width=\"15%\"></td>\n            <td width=\"35%\"></td>\n            <td width=\"15%\"></td>\n        </tr>\n        <tr>\n            <td id=\"signature\">@{formatDateTime(triggerBody()?['Date'],'dddd, MMM dd, yyyy','en')\r\n}</td>\n            <td></td>\n            <td id=\"signature\">@{triggerBody()?['User']}</td>\n            <td></td>\n        </tr>\n        <tr>\n            <td id=\"tdsmallborderT\">Date</td>\n            <td></td>\n            <td id=\"tdsmallborderT\">User</td>\n            <td></td>\n        </tr>\n    </table>\n</div>\n\n</body>\n</html>        \n"
                },
                "metadata": {
                  "operationMetadataId": "7f578882-7383-4caa-9e8a-7353d5250fb5"
                }
              }
            }
          },
          "runAfter": {
            "Append_to_string_variable_HTML-Template_(Sec_comments_de)": [
              "Succeeded"
            ]
          }
        }
      }
    },
    "templateName": null
  },
  "schemaVersion": "1.0.0.0"
}