<environmentvariabledefinition schemaname="pobvol_pssChecklistsCheckpoints">
  <apiid>/providers/microsoft.powerapps/apis/shared_sharepointonline</apiid>
  <description default="SP list Checkpoints">
    <label description="SP list Checkpoints" languagecode="1031" />
  </description>
  <displayname default="pssChecklistsCheckpoints">
    <label description="pssChecklistsCheckpoints" languagecode="1031" />
  </displayname>
  <introducedversion>0.0</introducedversion>
  <iscustomizable>1</iscustomizable>
  <isrequired>0</isrequired>
  <parameterkey>table</parameterkey>
  <parentdefinitionid>
    <schemaname>pobvol_pssChecklistsTeam</schemaname>
  </parentdefinitionid>
  <secretstore>0</secretstore>
  <type>100000004</type>
</environmentvariabledefinition>