<environmentvariabledefinition schemaname="pobvol_pssChecklistsChecklistsText">
  <apiid>/providers/microsoft.powerapps/apis/shared_sharepointonline</apiid>
  <description default="Checklists Text in different languages">
    <label description="Checklists Text in different languages" languagecode="1031" />
  </description>
  <displayname default="pssChecklistsChecklistsText">
    <label description="pssChecklistsChecklistsText" languagecode="1031" />
  </displayname>
  <introducedversion>0.2</introducedversion>
  <iscustomizable>1</iscustomizable>
  <isrequired>0</isrequired>
  <parameterkey>table</parameterkey>
  <parentdefinitionid>
    <schemaname>pobvol_pssChecklistsTeam</schemaname>
  </parentdefinitionid>
  <secretstore>0</secretstore>
  <type>100000004</type>
</environmentvariabledefinition>