<ImportExportXml xmlns:xsi="http://www.w3.org/2001/XMLSchema-instance" OrganizationVersion="9.2.25073.208" OrganizationSchemaType="Standard" CRMServerServiceabilityVersion="9.2.25073.00208">
  <Entities></Entities>
  <Roles></Roles>
  <Workflows>
    <Workflow WorkflowId="{b67e6373-8213-f011-998a-7c1e5274e1dc}" Name="pobvol Checklists: Create activity report">
      <JsonFileName>/Workflows/pobvolChecklistsCreateactivityreport-B67E6373-8213-F011-998A-7C1E5274E1DC.json</JsonFileName>
      <Type>1</Type>
      <Subprocess>0</Subprocess>
      <Category>5</Category>
      <Mode>0</Mode>
      <Scope>4</Scope>
      <OnDemand>0</OnDemand>
      <TriggerOnCreate>0</TriggerOnCreate>
      <TriggerOnDelete>0</TriggerOnDelete>
      <AsyncAutodelete>0</AsyncAutodelete>
      <SyncWorkflowLogOnFailure>0</SyncWorkflowLogOnFailure>
      <StateCode>1</StateCode>
      <StatusCode>2</StatusCode>
      <RunAs>1</RunAs>
      <IsTransacted>1</IsTransacted>
      <IntroducedVersion>1.0.0.0</IntroducedVersion>
      <IsCustomizable>1</IsCustomizable>
      <BusinessProcessType>0</BusinessProcessType>
      <IsCustomProcessingStepAllowedForOtherPublishers>1</IsCustomProcessingStepAllowedForOtherPublishers>
      <ModernFlowType>0</ModernFlowType>
      <PrimaryEntity>none</PrimaryEntity>
      <LocalizedNames>
        <LocalizedName languagecode="1031" description="pobvol Checklists: Create activity report" />
      </LocalizedNames>
    </Workflow>
  </Workflows>
  <FieldSecurityProfiles></FieldSecurityProfiles>
  <Templates />
  <EntityMaps />
  <EntityRelationships />
  <OrganizationSettings />
  <optionsets />
  <CustomControls />
  <EntityDataProviders />
  <CanvasApps>
    <CanvasApp>
      <Name>pobvol_pobvolchecklists_b3697</Name>
      <AppVersion>2025-04-28T16:19:14Z</AppVersion>
      <Status>Ready</Status>
      <CreatedByClientVersion>3.25042.10.0</CreatedByClientVersion>
      <MinClientVersion>3.25042.10.0</MinClientVersion>
      <Tags>{"primaryDeviceWidth":"640","primaryDeviceHeight":"1136","sienaVersion":"20250425T121413Z-3.25042.10.0","deviceCapabilities":"webcam","supportsPortrait":"true","supportsLandscape":"false","primaryFormFactor":"Phone","publisherVersion":"3.25042.10","minimumRequiredApiVersion":"2.2.0","hasComponent":"false","hasUnlockedComponent":"false","isUnifiedRootApp":"false","showStatusBar":"true","offlineLargeFilesSupport":"false"}</Tags>
      <IsCdsUpgraded>0</IsCdsUpgraded>
      <GalleryItemId xsi:nil="true"></GalleryItemId>
      <BackgroundColor>rgba(215, 223, 240, 1)</BackgroundColor>
      <DisplayName>pssChecks</DisplayName>
      <Description>Your teams can easily and quickly define their own checklists with checkpoints and fields and then use them to transmit the results of checks and other activities to their own SharePoint lists in a structured manner.

Copyright © 2025 Volker Pobloth

This file is part of the software solution pobvol Checklists. The software solution is Free Software. You can redistribute it and/or modify it under the terms of the GNU General Public License as published by the Free Software Foundation, either version 3 of the License, or any later version. The solution is distributed in the hope that it will be useful, but WITHOUT ANY WARRANTY; without even the implied warranty of MERCHANTABILITY or FITNESS FOR A PARTICULAR PURPOSE. See the GNU General Public License for more details. You should receive a copy of the GNU General Public License along with the solution. If not, see &lt;http://www.gnu.org/licenses/&gt;.

To contact us, send an e-mail or write to the address provided.

Volker Pobloth 
pobvol Software Services
Wolfskaulstrasse 84
D-66292 Riegelsberg
Germany

Email: kontakt@pobvol.com</Description>
      <CommitMessage xsi:nil="true"></CommitMessage>
      <Publisher xsi:nil="true"></Publisher>
      <AuthorizationReferences>[]</AuthorizationReferences>
      <ConnectionReferences>{"f0492b2b-80cf-4abf-9ca7-de6293855c5a":{"id":"/providers/microsoft.powerapps/apis/shared_sharepointonline","displayName":"SharePoint","iconUri":"https://conn-afd-prod-endpoint-bmc9bqahasf3grgk.b01.azurefd.net/releases/v1.0.1746/1.0.1746.4174/sharepointonline/icon.png","dataSources":["UVVKundenInventarliste","UVVBerichteArchiv","pssChecklistsChecklists","pssChecklistsChecklistsText","pssChecklistsCheckpoints","pssChecklistsCheckpointsText","pssChecklistsStatus","pssChecklistsActivitiesP","pssChecklistsActivities","pssChecklistsLanguages","pssChecklistsStatusText","pssChecklistsFlexFields","pssChecklistsFlexFieldsText"],"dependencies":[],"dependents":[],"parameterHints":{},"parameterHintsV2":{},"isOnPremiseConnection":false,"bypassConsent":false,"dataSets":{"https://pobvol.sharepoint.com/sites/psschecklists_pobvol_pssChecklistsTeam":{"datasetOverride":{"name":"https://pobvol.sharepoint.com/sites/psschecklists","environmentVariableName":"pobvol_pssChecklistsTeam"},"dataSources":{"pssChecklistsChecklists":{"tableName":"dec53012-9043-41b3-91ef-77eed57d8b63","tableNameOverride":{"name":"dec53012-9043-41b3-91ef-77eed57d8b63","environmentVariableName":"pobvol_pssChecklistsChecklists"}},"pssChecklistsChecklistsText":{"tableName":"5f3d6ec7-164b-4cc3-8c47-018fe6756c8d","tableNameOverride":{"name":"5f3d6ec7-164b-4cc3-8c47-018fe6756c8d","environmentVariableName":"pobvol_pssChecklistsChecklistsText"}},"pssChecklistsCheckpoints":{"tableName":"ed812a69-0d5c-48e7-bde8-99228571bc76","tableNameOverride":{"name":"ed812a69-0d5c-48e7-bde8-99228571bc76","environmentVariableName":"pobvol_pssChecklistsCheckpoints"}},"pssChecklistsCheckpointsText":{"tableName":"88b3ea3c-056f-4cfe-a75f-be866eec002e","tableNameOverride":{"name":"88b3ea3c-056f-4cfe-a75f-be866eec002e","environmentVariableName":"pobvol_pssChecklistsCheckpointsText"}},"pssChecklistsStatus":{"tableName":"03bb502d-0417-4653-9609-4fe800cfe2cb","tableNameOverride":{"name":"03bb502d-0417-4653-9609-4fe800cfe2cb","environmentVariableName":"pobvol_pssChecklistsStatus"}},"pssChecklistsActivitiesP":{"tableName":"d0afa838-17f1-4f62-9af4-0b62d2493758","tableNameOverride":{"name":"d0afa838-17f1-4f62-9af4-0b62d2493758","environmentVariableName":"pobvol_pssChecklistsDataP"}},"pssChecklistsActivities":{"tableName":"1bd7fe40-0bef-48ae-ac19-eb1cc69ed226","tableNameOverride":{"name":"1bd7fe40-0bef-48ae-ac19-eb1cc69ed226","environmentVariableName":"pobvol_pssChecklistsData"}},"pssChecklistsLanguages":{"tableName":"15c5719e-f3ca-4598-ac30-1aa2f3154088","tableNameOverride":{"name":"15c5719e-f3ca-4598-ac30-1aa2f3154088","environmentVariableName":"pobvol_pssChecklistsLanguages"}},"pssChecklistsStatusText":{"tableName":"22c76d5f-e922-49a9-b2cd-c7504668fa36","tableNameOverride":{"name":"22c76d5f-e922-49a9-b2cd-c7504668fa36","environmentVariableName":"pobvol_pssChecklistsStatusText"}},"pssChecklistsFlexFields":{"tableName":"ca505ba1-24e2-4299-ada3-1dceeeb68154","tableNameOverride":{"name":"ca505ba1-24e2-4299-ada3-1dceeeb68154","environmentVariableName":"pobvol_pssChecklistsFlexFields"}},"pssChecklistsFlexFieldsText":{"tableName":"3ec5b5b5-5e1c-4c68-943a-5206f9e36ed9","tableNameOverride":{"name":"3ec5b5b5-5e1c-4c68-943a-5206f9e36ed9","environmentVariableName":"pobvol_pssChecklistsFlexFieldsText"}}}}},"apiTier":"Standard","actions":["providers/PowerPlatform.Governance/Operations/Read","providers/PowerPlatform.Governance/Operations/Write","providers/PowerPlatform.Governance/Operations/Delete"]}}</ConnectionReferences>
      <DatabaseReferences>{}</DatabaseReferences>
      <AppComponents>[]</AppComponents>
      <AppComponentDependencies>[]</AppComponentDependencies>
      <CanConsumeAppPass>1</CanConsumeAppPass>
      <CanvasAppType>0</CanvasAppType>
      <BypassConsent>0</BypassConsent>
      <AdminControlBypassConsent>0</AdminControlBypassConsent>
      <EmbeddedApp xsi:nil="true"></EmbeddedApp>
      <IntroducedVersion>1.0</IntroducedVersion>
      <CdsDependencies>{"cdsdependencies":[{"logicalname":"pobvol_pssChecklistsTeam","componenttype":380,"componenttypeplatformname":"EnvironmentVariableDefinition"},{"logicalname":"pobvol_pssChecklistsChecklists","componenttype":380,"componenttypeplatformname":"EnvironmentVariableDefinition"},{"logicalname":"pobvol_pssChecklistsChecklistsText","componenttype":380,"componenttypeplatformname":"EnvironmentVariableDefinition"},{"logicalname":"pobvol_pssChecklistsCheckpoints","componenttype":380,"componenttypeplatformname":"EnvironmentVariableDefinition"},{"logicalname":"pobvol_pssChecklistsCheckpointsText","componenttype":380,"componenttypeplatformname":"EnvironmentVariableDefinition"},{"logicalname":"pobvol_pssChecklistsStatus","componenttype":380,"componenttypeplatformname":"EnvironmentVariableDefinition"},{"logicalname":"pobvol_pssChecklistsDataP","componenttype":380,"componenttypeplatformname":"EnvironmentVariableDefinition"},{"logicalname":"pobvol_pssChecklistsData","componenttype":380,"componenttypeplatformname":"EnvironmentVariableDefinition"},{"logicalname":"pobvol_pssChecklistsLanguages","componenttype":380,"componenttypeplatformname":"EnvironmentVariableDefinition"},{"logicalname":"pobvol_pssChecklistsStatusText","componenttype":380,"componenttypeplatformname":"EnvironmentVariableDefinition"},{"logicalname":"pobvol_pssChecklistsFlexFields","componenttype":380,"componenttypeplatformname":"EnvironmentVariableDefinition"},{"logicalname":"pobvol_pssChecklistsFlexFieldsText","componenttype":380,"componenttypeplatformname":"EnvironmentVariableDefinition"}]}</CdsDependencies>
      <IsCustomizable>1</IsCustomizable>
      <BackgroundImageUri>/CanvasApps/pobvol_pobvolchecklists_b3697_BackgroundImageUri</BackgroundImageUri>
      <DocumentUri>/CanvasApps/pobvol_pobvolchecklists_b3697_DocumentUri.msapp</DocumentUri>
      <AdditionalUris>
        <AdditionalUri>/CanvasApps/pobvol_pobvolchecklists_b3697_AdditionalUris0_identity.json</AdditionalUri>
      </AdditionalUris>
    </CanvasApp>
  </CanvasApps>
  <connectionreferences>
    <connectionreference connectionreferencelogicalname="pobvol_pssChecklistsOneDrive">
      <connectionreferencedisplayname>pssChecklistsOneDrive</connectionreferencedisplayname>
      <connectorid>/providers/Microsoft.PowerApps/apis/shared_onedriveforbusiness</connectorid>
      <iscustomizable>1</iscustomizable>
      <promptingbehavior>0</promptingbehavior>
      <statecode>0</statecode>
      <statuscode>1</statuscode>
    </connectionreference>
    <connectionreference connectionreferencelogicalname="pobvol_pssChecklistsOutlook">
      <connectionreferencedisplayname>pssChecklistsOutlook</connectionreferencedisplayname>
      <connectorid>/providers/Microsoft.PowerApps/apis/shared_office365</connectorid>
      <iscustomizable>1</iscustomizable>
      <promptingbehavior>0</promptingbehavior>
      <statecode>0</statecode>
      <statuscode>1</statuscode>
    </connectionreference>
    <connectionreference connectionreferencelogicalname="pobvol_pssChecklistsSharePoint">
      <connectionreferencedisplayname>pssChecklistsSharePoint</connectionreferencedisplayname>
      <connectorid>/providers/Microsoft.PowerApps/apis/shared_sharepointonline</connectorid>
      <description>SharePoint connection </description>
      <iscustomizable>1</iscustomizable>
      <promptingbehavior>0</promptingbehavior>
      <statecode>0</statecode>
      <statuscode>1</statuscode>
    </connectionreference>
  </connectionreferences>
  <Languages>
    <Language>1031</Language>
    <Language>1033</Language>
  </Languages>
</ImportExportXml>